claim_id,customer_id,policy_id,date_id,adjuster_id,amount,status,notes
1,114,156,321,13,-500.0,Approved,
2,999999,18,341,56,1964.66,Approved,
3,69,541,237,49,-500.0,Pending,
4,692,87,14,85,5485.87,In Progress,
5,242,247,296,52,6831.25,In Progress,
6,687,365,777777,58,8839.25,Approved,
7,999999,318,338,35,731.98,Approved,
8,358,299,232,666666,6970.25,Pending,
9,255,402,157,21,8091.8,In Progress,
10,238,515,135,90,,Approved,
11,231,888888,325,61,3515.54,Approved,
12,999999,11,23,78,6054.91,Approved,
13,999999,374,246,99,1470.55,Denied,
14,630,349,296,31,,Approved,
15,393,493,113,29,2209.4,In Progress,
16,456,394,111,41,,Denied,
17,183,308,200,74,3972.98,In Progress,
18,242,371,177,71,7273.08,In Progress,
19,28,76,777777,1,9236.01,Pending,
20,695,318,158,39,5550.63,Denied,Urgent payout requested
21,609,145,229,1,-500.0,Denied,
22,746,478,97,2,-500.0,Approved,
23,740,463,169,59,6191.9,In Progress,
24,999999,258,322,96,6010.3,Pending,
25,588,888888,107,4,1841.87,Pending,
26,109,54,328,30,-500.0,Pending,
27,57,154,777777,97,4593.44,Pending,
28,459,335,59,46,1642.04,Approved,Urgent payout requested
29,999999,58,311,64,4320.85,Pending,
30,213,24,82,666666,3554.61,Denied,
31,440,448,319,69,6150.46,In Progress,
32,999999,293,83,54,1076.67,Approved,
33,311,374,777777,74,5661.0,Pending,
34,408,359,777777,51,732.92,Approved,
35,613,34,291,75,-500.0,Denied,
36,769,306,187,666666,9193.72,Denied,
37,201,463,777777,98,9080.38,Approved,
38,428,888888,261,99,3603.55,Denied,
39,510,448,777777,54,3645.21,Pending,
40,694,509,3,666666,3283.41,Pending,
41,375,54,238,666666,6030.86,Pending,
42,287,346,51,9,,Pending,
43,321,888888,212,43,5080.49,Approved,
44,170,435,777777,34,9578.53,Denied,
45,48,49,154,100,,Denied,
46,710,400,777777,29,7070.81,Approved,
47,33,303,777777,14,1507.97,Denied,
48,1,167,777777,4,6183.99,Approved,
49,179,888888,115,24,5654.67,Approved,
50,272,392,253,18,-500.0,Denied,
51,301,524,135,60,-500.0,Denied,
52,323,888888,345,17,6013.99,Denied,
53,999999,247,280,94,3200.16,Pending,
54,340,513,151,85,-500.0,Pending,
55,444,356,777777,29,9230.26,Pending,
56,147,137,243,71,-500.0,Denied,
57,133,8,355,74,-500.0,Pending,
58,509,310,295,97,-500.0,Approved,
59,82,295,217,78,,Denied,
60,579,99,777777,7,6727.56,Denied,
61,620,888888,53,82,6222.67,Denied,
62,999999,29,186,91,6208.37,Denied,
63,269,298,308,46,-500.0,Approved,
64,17,307,9,21,-500.0,Denied,
65,527,192,777777,70,9269.57,Denied,
66,278,37,777777,60,4485.11,Denied,
67,36,383,62,40,,Approved,
68,588,210,190,59,,Denied,
69,454,389,16,666666,9870.8,Pending,
70,95,434,142,76,-500.0,Denied,
71,176,269,777777,72,3860.79,Pending,
72,796,369,187,76,5427.15,Approved,Urgent payout requested
73,475,64,210,89,5871.96,In Progress,
74,426,888888,199,48,5677.2,Pending,
75,613,30,11,56,8524.11,In Progress,
76,999999,435,10,16,206.62,Pending,
77,363,888888,71,85,368.54,Pending,
78,999999,393,57,75,3409.84,Denied,
79,721,268,777777,77,8820.03,Pending,
80,651,888888,105,26,4818.89,Pending,
81,607,88,277,32,7381.16,Pending,Urgent payout requested
82,3,116,265,72,-500.0,Pending,
83,123,237,243,30,6140.04,In Progress,
84,214,207,137,13,-500.0,Denied,
85,645,453,343,2,4706.58,In Progress,
86,502,516,309,63,4220.97,Approved,Urgent payout requested
87,778,42,36,66,2000.62,In Progress,
88,755,888888,73,65,1892.39,Approved,
89,289,532,777777,38,8159.79,Approved,
90,115,503,777777,66,1071.13,Denied,
91,488,115,777777,98,8032.03,Approved,
92,638,18,361,2,7839.23,In Progress,
93,524,302,69,22,2822.44,Approved,Urgent payout requested
94,45,128,335,70,-500.0,Approved,
95,245,507,347,64,,Denied,
96,230,61,777777,44,4782.63,Approved,
97,725,94,115,64,-500.0,Denied,
98,239,419,84,65,-500.0,Approved,
99,644,343,314,20,9564.19,Pending,Urgent payout requested
100,632,429,189,71,9992.96,In Progress,
101,84,95,232,666666,186.05,Approved,
102,169,888888,71,66,9455.6,Approved,
103,11,469,777777,100,3837.17,Denied,
104,684,219,79,50,-500.0,Approved,
105,775,252,171,93,-500.0,Approved,
106,246,278,777777,33,3832.07,Pending,
107,28,888888,43,73,8434.32,Pending,
108,521,888888,140,46,6719.15,Pending,
109,753,450,181,19,,Approved,
110,296,502,157,33,-500.0,Pending,
111,459,370,119,53,,Pending,
112,270,888888,52,42,8742.65,Denied,
113,313,431,186,89,-500.0,Pending,
114,300,326,163,666666,1432.84,Pending,
115,999999,389,9,41,8859.31,Pending,
116,26,888888,43,31,4809.03,Pending,
117,159,79,306,31,1069.39,Denied,Urgent payout requested
118,349,267,113,68,6190.94,Denied,Urgent payout requested
119,496,888888,226,96,7404.34,Denied,
120,156,168,60,33,,Denied,
121,734,209,347,68,2184.58,In Progress,
122,295,487,93,18,2372.86,In Progress,
123,999999,456,36,39,6032.07,Denied,
124,489,51,27,87,8573.39,In Progress,
125,241,502,108,59,2338.53,In Progress,
126,100,1,175,68,9169.06,Approved,Urgent payout requested
127,375,365,280,666666,8936.19,Approved,
128,232,163,271,12,-500.0,Denied,
129,745,63,268,72,-500.0,Pending,
130,541,126,309,13,-500.0,Approved,
131,509,241,70,666666,7822.28,Approved,
132,262,195,777777,26,9190.54,Pending,
133,348,193,101,40,1957.11,Pending,Urgent payout requested
134,730,102,306,99,,Pending,
135,277,888888,346,73,9440.08,Approved,
136,152,284,101,100,,Approved,
137,999999,83,236,88,2327.22,Denied,
138,227,137,332,38,2351.4,Pending,Urgent payout requested
139,784,175,131,40,,Approved,
140,498,122,777777,18,9116.07,Approved,
141,508,443,40,77,-500.0,Denied,
142,583,888888,92,85,4760.51,Approved,
143,298,369,20,23,-500.0,Pending,
144,365,147,108,70,944.07,Pending,Urgent payout requested
145,505,519,777777,74,1156.74,Denied,
146,58,888888,25,69,621.15,Denied,
147,22,148,225,60,3959.54,In Progress,
148,228,100,777777,50,3461.1,Denied,
149,95,26,777777,5,2234.51,Denied,
150,999999,320,300,31,7809.4,Denied,
151,562,888888,328,58,8188.72,Approved,
152,375,515,199,10,2346.03,In Progress,
153,110,179,40,666666,5405.95,Approved,
154,199,486,170,18,8271.24,In Progress,
155,611,534,106,5,-500.0,Pending,
156,54,158,777777,49,2401.5,Approved,
157,38,393,345,59,3018.73,In Progress,
158,693,888888,79,21,5800.01,Denied,
159,403,345,361,666666,6756.79,Denied,
160,228,79,777777,56,1013.2,Denied,
161,610,888888,198,27,3449.44,Denied,
162,163,209,82,666666,9882.88,Denied,
163,435,463,65,50,1756.9,Pending,Urgent payout requested
164,400,76,156,64,,Pending,
165,285,888888,172,97,9402.93,Approved,
166,742,888888,23,89,3664.21,Denied,
167,151,376,310,666666,4553.96,Approved,
168,279,235,43,666666,6212.11,Pending,
169,41,194,262,38,-500.0,Approved,
170,999999,439,63,6,3544.98,Denied,
171,580,380,777777,24,1049.09,Pending,
172,287,888888,3,33,1024.54,Approved,
173,219,477,32,79,,Denied,
174,544,525,777777,31,5320.29,Pending,
175,361,888888,115,83,4328.87,Denied,
176,649,460,314,48,4544.62,Pending,Urgent payout requested
177,267,137,150,45,,Pending,
178,749,311,777777,28,5348.95,Denied,
179,414,528,777777,33,9797.56,Pending,
180,64,464,329,67,8752.63,In Progress,
181,782,326,777777,30,7617.78,Approved,
182,543,888888,207,70,9637.81,Pending,
183,383,111,309,14,9039.63,In Progress,
184,291,423,37,62,6492.49,In Progress,
185,476,345,111,22,,Approved,
186,9,151,319,666666,9617.29,Denied,
187,196,326,287,10,8487.86,Denied,Urgent payout requested
188,999999,376,93,27,511.44,Pending,
189,386,888888,351,29,6348.96,Approved,
190,320,418,56,36,6255.6,In Progress,
191,728,296,337,10,667.69,Denied,Urgent payout requested
192,999999,544,199,2,5726.08,Pending,
193,158,537,137,76,494.05,Approved,Urgent payout requested
194,80,195,128,5,,Denied,
195,634,471,271,13,,Denied,
196,566,477,358,61,-500.0,Approved,
197,427,888888,177,58,6135.21,Denied,
198,424,49,23,11,260.62,Denied,Urgent payout requested
199,482,300,1,7,,Denied,
200,65,526,68,666666,3766.9,Pending,
201,391,74,777777,70,3841.48,Approved,
202,250,465,4,6,-500.0,Approved,
203,7,154,72,97,1410.84,In Progress,
204,720,406,112,72,,Pending,
205,327,99,19,96,-500.0,Approved,
206,752,388,101,73,-500.0,Pending,
207,6,392,224,60,-500.0,Denied,
208,41,113,315,666666,3118.66,Approved,
209,235,184,77,72,-500.0,Denied,
210,582,391,777777,33,9129.83,Pending,
211,520,396,222,16,-500.0,Approved,
212,497,21,168,666666,2606.54,Denied,
213,324,335,81,5,7090.48,In Progress,
214,734,86,777777,67,9647.66,Approved,
215,270,538,777777,7,6983.63,Denied,
216,3,175,73,38,9687.07,In Progress,
217,429,221,192,32,1876.43,Approved,Urgent payout requested
218,999999,329,258,37,4482.06,Approved,
219,999999,3,9,20,4066.14,Pending,
220,631,134,121,666666,1148.08,Pending,
221,461,436,237,94,2872.74,In Progress,
222,999999,523,251,96,5590.93,Denied,
223,630,64,154,6,,Approved,
224,715,396,201,54,8682.94,In Progress,
225,582,388,324,666666,1650.92,Pending,
226,667,320,307,79,,Pending,
227,264,505,777777,16,3048.27,Pending,
228,264,888888,258,82,8502.17,Pending,
229,999999,353,237,60,7197.97,Approved,
230,705,462,177,15,2055.45,Approved,Urgent payout requested
231,999999,217,90,82,5259.13,Denied,
232,150,888888,194,60,4319.87,Denied,
233,775,888888,149,81,1368.09,Denied,
234,999999,313,322,44,2823.86,Approved,
235,748,888888,15,93,1637.7,Approved,
236,240,888888,168,54,7592.38,Pending,
237,368,207,284,71,1804.79,In Progress,
238,255,313,126,666666,2261.8,Denied,
239,528,166,269,666666,6026.84,Pending,
240,374,496,189,86,3102.33,In Progress,
241,681,6,359,29,-500.0,Approved,
242,207,239,239,82,-500.0,Approved,
243,375,468,5,62,-500.0,Denied,
244,118,81,271,46,1168.76,In Progress,
245,217,71,125,46,-500.0,Approved,
246,116,367,777777,70,8765.51,Denied,
247,40,66,777777,49,8993.77,Denied,
248,24,378,311,57,-500.0,Approved,
249,380,66,336,5,-500.0,Pending,
250,999999,32,297,83,8564.09,Denied,
251,16,37,236,18,,Approved,
252,694,385,204,43,5702.01,Approved,Urgent payout requested
253,659,423,97,81,5580.73,In Progress,
254,999999,203,202,22,8117.54,Denied,
255,712,103,159,12,,Pending,
256,470,348,306,30,-500.0,Denied,
257,283,112,96,35,4375.55,In Progress,
258,607,227,193,666666,6735.6,Denied,
259,115,289,260,26,-500.0,Pending,
260,423,510,777777,39,7269.71,Pending,
261,319,888888,273,46,2915.42,Denied,
262,253,300,173,63,1422.47,Pending,Urgent payout requested
263,166,313,311,43,4636.66,In Progress,
264,192,888888,177,44,6950.15,Approved,
265,156,126,5,666666,1216.38,Pending,
266,122,888888,243,98,4510.68,Denied,
267,381,214,333,73,410.33,Denied,Urgent payout requested
268,721,390,66,50,9767.05,In Progress,
269,221,243,174,73,,Pending,
270,34,131,777777,84,7408.51,Approved,
271,675,188,190,82,4063.08,Approved,Urgent payout requested
272,500,888888,90,14,8189.68,Approved,
273,999999,544,251,93,8086.35,Approved,
274,999999,120,228,9,3575.45,Denied,
275,684,888888,286,47,2041.54,Approved,
276,577,888888,173,16,956.78,Denied,
277,319,226,254,71,-500.0,Denied,
278,999999,71,166,30,9514.13,Pending,
279,357,526,777777,88,929.87,Approved,
280,999999,179,222,43,1674.59,Denied,
281,626,435,102,36,-500.0,Approved,
282,441,85,79,99,101.95,In Progress,
283,563,431,274,85,6646.01,Pending,Urgent payout requested
284,572,301,777777,20,6976.97,Denied,
285,106,323,204,29,,Approved,
286,710,451,182,666666,457.68,Denied,
287,631,107,777777,88,1371.47,Pending,
288,756,888888,169,67,5697.2,Denied,
289,81,431,293,37,-500.0,Approved,
290,90,888888,327,49,7104.37,Denied,
291,30,175,65,666666,1083.9,Approved,
292,999999,11,126,92,7526.93,Denied,
293,174,237,777777,88,7423.06,Pending,
294,176,149,338,666666,980.77,Denied,
295,999999,205,32,89,8381.54,Pending,
296,636,888888,41,57,6515.05,Denied,
297,698,330,158,35,,Approved,
298,5,476,150,83,7847.38,Pending,Urgent payout requested
299,756,501,149,666666,1298.95,Denied,
300,999999,355,257,13,2178.68,Denied,
301,206,180,114,666666,8607.7,Approved,
302,202,41,234,666666,7372.51,Denied,
303,414,58,30,59,,Denied,
304,468,391,777777,55,541.65,Denied,
305,20,528,365,47,,Approved,
306,999999,526,210,79,3787.28,Pending,
307,140,888888,131,98,5014.88,Approved,
308,999999,185,140,87,238.6,Denied,
309,583,447,777777,67,5196.49,Approved,
310,598,398,4,7,152.92,In Progress,
311,8,526,55,63,-500.0,Approved,
312,607,221,347,91,5859.08,In Progress,
313,999999,84,49,73,5108.94,Pending,
314,573,109,274,79,4830.96,In Progress,
315,99,424,2,43,-500.0,Pending,
316,477,371,216,59,,Approved,
317,533,442,226,92,6868.38,In Progress,
318,130,422,777777,17,6011.31,Approved,
319,132,531,116,666666,1763.75,Approved,
320,999999,346,42,96,4926.18,Denied,
321,80,888888,315,11,7700.76,Denied,
322,584,252,123,15,3328.94,Pending,Urgent payout requested
323,693,437,177,24,3492.6,Approved,Urgent payout requested
324,434,379,777777,9,8627.53,Approved,
325,448,435,173,81,-500.0,Approved,
326,999999,174,49,61,7695.95,Denied,
327,424,888888,48,69,8697.63,Approved,
328,125,240,13,666666,1959.51,Denied,
329,13,485,304,40,4216.6,Pending,Urgent payout requested
330,334,457,777777,39,7474.52,Denied,
331,999999,260,73,69,1237.51,Denied,
332,630,182,66,14,8953.45,Denied,Urgent payout requested
333,483,287,777777,6,675.03,Approved,
334,68,213,341,666666,3854.53,Approved,
335,999999,429,289,80,9205.58,Pending,
336,559,503,151,35,-500.0,Denied,
337,999999,316,85,12,3460.69,Approved,
338,270,90,218,4,3749.58,In Progress,
339,626,457,196,54,,Approved,
340,999999,511,26,81,8683.4,Pending,
341,220,888888,349,57,4921.23,Denied,
342,98,35,351,95,5630.96,Approved,Urgent payout requested
343,125,115,96,67,,Approved,
344,224,282,319,5,7383.81,In Progress,
345,489,117,102,63,,Approved,
346,217,888888,6,86,4427.71,Denied,
347,447,369,257,13,9327.74,Denied,Urgent payout requested
348,734,479,777777,68,5168.72,Denied,
349,513,504,183,80,4705.9,Pending,Urgent payout requested
350,88,888888,307,38,957.38,Pending,
351,427,69,314,83,636.19,In Progress,
352,999999,363,11,13,5435.2,Pending,
353,137,506,265,666666,9625.38,Denied,
354,556,538,75,39,275.63,In Progress,
355,395,339,777777,8,2360.3,Approved,
356,144,268,50,13,,Approved,
357,999999,454,192,53,8454.67,Approved,
358,346,183,145,666666,6041.87,Denied,
359,55,255,323,92,-500.0,Denied,
360,32,277,349,81,5715.6,Pending,Urgent payout requested
361,56,309,163,99,2139.48,Denied,Urgent payout requested
362,408,72,356,666666,7535.4,Denied,
363,503,386,777777,20,9503.38,Approved,
364,999999,329,35,52,9930.75,Pending,
365,999999,353,102,95,9351.58,Pending,
366,701,312,777777,72,5806.18,Pending,
367,251,68,26,23,,Denied,
368,320,49,16,100,-500.0,Denied,
369,694,462,111,5,4104.09,In Progress,
370,250,888888,128,93,2255.52,Approved,
371,649,153,33,40,2994.32,Pending,Urgent payout requested
372,127,525,247,74,8724.1,In Progress,
373,77,888888,311,61,8550.22,Pending,
374,746,145,313,83,-500.0,Approved,
375,507,140,137,64,-500.0,Approved,
376,726,349,246,12,7689.62,Approved,Urgent payout requested
377,701,432,42,31,,Denied,
378,679,282,200,666666,8183.05,Pending,
379,716,327,313,12,4024.31,Approved,Urgent payout requested
380,95,283,777777,45,610.0,Denied,
381,707,545,222,89,7810.79,In Progress,
382,789,220,262,57,3783.15,Denied,Urgent payout requested
383,999999,475,92,16,751.76,Pending,
384,711,89,195,64,,Denied,
385,682,502,6,82,114.3,Approved,Urgent payout requested
386,592,435,777777,100,7391.94,Denied,
387,188,454,149,65,,Approved,
388,225,888888,327,65,7571.67,Denied,
389,434,349,158,666666,7404.09,Approved,
390,556,888888,334,77,5160.91,Pending,
391,617,199,92,90,176.32,In Progress,
392,999999,388,207,71,5061.95,Approved,
393,482,376,777777,48,5359.84,Denied,
394,496,888888,110,42,142.14,Approved,
395,766,429,106,37,-500.0,Pending,
396,228,133,777777,20,3525.52,Denied,
397,20,888888,71,10,1719.91,Denied,
398,771,888888,192,89,7336.11,Approved,
399,323,379,332,95,-500.0,Approved,
400,294,888888,218,85,4276.68,Approved,
401,504,449,2,55,2094.2,In Progress,
402,697,515,247,8,,Approved,
403,148,262,270,666666,7748.05,Pending,
404,280,116,236,666666,6586.9,Approved,
405,999999,490,126,78,6614.57,Pending,
406,774,208,259,32,2037.35,Approved,Urgent payout requested
407,440,525,283,27,7225.24,In Progress,
408,354,526,230,666666,2182.9,Pending,
409,999999,105,179,49,1887.32,Approved,
410,999999,39,326,63,6071.78,Pending,
411,492,503,324,30,,Approved,
412,999999,529,306,33,4098.36,Pending,
413,214,297,777777,23,9096.14,Pending,
414,59,405,79,666666,9976.18,Approved,
415,679,445,274,24,972.95,Approved,Urgent payout requested
416,414,451,228,666666,8084.72,Pending,
417,454,235,309,90,-500.0,Pending,
418,624,47,334,666666,5804.64,Denied,
419,514,234,17,28,3679.35,Pending,Urgent payout requested
420,288,44,218,86,1662.54,In Progress,
421,398,888888,364,8,2430.31,Approved,
422,570,888888,97,64,3956.37,Approved,
423,799,114,275,79,-500.0,Denied,
424,217,145,777777,75,312.24,Approved,
425,484,187,777777,34,4089.26,Approved,
426,488,151,339,51,,Denied,
427,12,888888,284,18,9294.61,Pending,
428,233,521,365,83,,Pending,
429,28,524,223,55,9003.85,In Progress,
430,715,275,161,83,-500.0,Denied,
431,999999,30,258,40,7579.78,Pending,
432,354,500,777777,48,2334.23,Denied,
433,241,391,317,38,,Approved,
434,500,512,294,93,6091.49,Denied,Urgent payout requested
435,146,154,73,666666,7006.58,Denied,
436,748,87,166,97,,Approved,
437,11,152,6,64,,Denied,
438,488,430,241,666666,7663.45,Pending,
439,711,250,355,69,-500.0,Denied,
440,259,367,284,31,,Pending,
441,120,446,37,67,1633.95,Approved,Urgent payout requested
442,351,7,13,7,-500.0,Pending,
443,357,375,178,68,9286.63,In Progress,
444,148,265,777777,33,3623.63,Denied,
445,188,888888,66,24,1049.57,Pending,
446,287,86,777777,25,8036.8,Pending,
447,999999,88,206,58,5683.69,Approved,
448,54,245,777777,71,3236.63,Pending,
449,602,43,7,666666,3557.34,Pending,
450,999999,379,34,91,228.89,Denied,
451,422,115,33,84,8097.51,Pending,Urgent payout requested
452,299,43,258,91,6516.46,Approved,Urgent payout requested
453,999999,26,193,88,5821.28,Pending,
454,544,149,142,9,3208.3,Pending,Urgent payout requested
455,532,407,259,18,,Approved,
456,800,192,147,71,-500.0,Approved,
457,999999,368,165,7,3894.92,Approved,
458,762,110,50,74,,Denied,
459,269,888888,271,96,5715.85,Denied,
460,999999,70,140,71,2796.17,Approved,
461,557,439,158,46,4644.65,In Progress,
462,512,888888,191,88,2609.53,Denied,
463,999999,484,173,5,4051.19,Approved,
464,29,888888,201,48,9966.22,Pending,
465,279,401,185,14,204.08,In Progress,
466,799,227,777777,43,4228.79,Pending,
467,386,444,185,8,,Denied,
468,524,370,777777,83,6992.71,Denied,
469,497,218,294,61,-500.0,Approved,
470,617,316,137,63,,Approved,
471,722,196,79,666666,918.23,Pending,
472,19,128,71,4,4610.13,Denied,Urgent payout requested
473,73,316,129,24,6788.21,In Progress,
474,83,104,324,666666,5850.78,Approved,
475,664,427,345,98,1423.22,Denied,Urgent payout requested
476,999999,112,128,29,173.62,Pending,
477,101,270,84,48,,Pending,
478,213,317,112,50,8022.01,In Progress,
479,528,454,325,666666,1618.76,Denied,
480,328,414,202,71,,Pending,
481,766,342,777777,71,410.61,Pending,
482,570,359,111,90,5490.31,Denied,Urgent payout requested
483,382,55,777777,12,2768.63,Pending,
484,465,110,326,72,588.3,Denied,Urgent payout requested
485,636,281,55,80,-500.0,Pending,
486,356,117,777777,38,4334.09,Approved,
487,259,114,777777,59,451.78,Denied,
488,425,145,777777,51,4339.14,Pending,
489,298,322,171,666666,2425.95,Pending,
490,226,510,777777,64,4392.24,Pending,
491,634,47,340,22,2363.47,In Progress,
492,239,888888,93,55,1927.04,Denied,
493,523,318,331,666666,1166.4,Pending,
494,100,320,83,666666,5531.8,Approved,
495,999999,344,31,69,6626.15,Approved,
496,999999,370,323,11,2076.65,Pending,
497,354,442,56,15,9467.78,In Progress,
498,497,519,244,38,1957.83,Denied,Urgent payout requested
499,592,197,88,58,-500.0,Approved,
500,495,390,313,10,7019.45,In Progress,
501,175,888888,280,67,3477.14,Pending,
502,678,202,111,16,6382.44,Denied,Urgent payout requested
503,312,16,230,68,,Denied,
504,463,200,245,666666,1599.67,Pending,
505,107,499,209,45,,Denied,
506,395,128,125,65,7433.66,In Progress,
507,337,888888,260,12,472.05,Denied,
508,342,321,300,10,8989.23,In Progress,
509,999999,107,67,48,5187.33,Denied,
510,319,258,35,1,9631.73,Approved,Urgent payout requested
511,50,888888,311,33,9110.21,Denied,
512,334,218,253,32,6922.04,In Progress,
513,21,99,196,666666,6168.92,Denied,
514,690,112,777777,49,9456.5,Approved,
515,486,888888,244,25,4312.05,Pending,
516,8,91,137,26,-500.0,Denied,
517,16,6,57,63,-500.0,Denied,
518,673,307,53,45,-500.0,Denied,
519,287,368,273,42,7770.55,Pending,Urgent payout requested
520,218,393,19,71,9561.35,In Progress,
521,610,404,40,55,,Pending,
522,548,264,267,666666,5233.94,Approved,
523,554,319,72,68,8590.19,In Progress,
524,201,888888,310,77,411.43,Approved,
525,741,395,129,36,,Approved,
526,679,8,344,49,-500.0,Denied,
527,999999,49,43,66,8402.51,Denied,
528,999999,55,91,4,4980.51,Denied,
529,999999,143,94,59,1746.64,Denied,
530,437,332,135,666666,8328.37,Approved,
531,46,340,777777,75,2677.62,Approved,
532,216,336,777777,19,4241.41,Pending,
533,267,211,177,7,8626.03,Pending,Urgent payout requested
534,195,313,777777,48,2027.91,Pending,
535,630,445,75,666666,4266.01,Pending,
536,64,27,288,79,6259.31,In Progress,
537,999999,262,359,2,3211.13,Denied,
538,118,397,47,38,-500.0,Pending,
539,719,205,188,56,,Pending,
540,657,161,185,666666,9249.67,Approved,
541,42,44,66,53,5446.18,In Progress,
542,999999,194,133,67,2116.09,Denied,
543,551,327,154,74,3736.1,In Progress,
544,160,334,777777,9,4877.61,Denied,
545,181,278,777777,80,4638.36,Denied,
546,323,105,777777,21,8475.41,Pending,
547,447,207,97,666666,4338.76,Denied,
548,356,465,108,8,-500.0,Approved,
549,172,131,37,81,2529.35,Pending,Urgent payout requested
550,365,216,349,83,-500.0,Approved,
551,309,888888,262,95,2223.37,Denied,
552,999999,340,233,97,2956.53,Pending,
553,634,436,777777,67,5663.08,Approved,
554,155,381,777777,37,455.59,Approved,
555,706,255,777777,97,1811.51,Approved,
556,65,502,349,666666,9851.43,Denied,
557,22,443,294,69,6439.17,In Progress,
558,767,262,777777,61,9628.61,Denied,
559,426,108,280,3,,Approved,
560,219,21,92,21,8912.53,In Progress,
561,999999,347,55,47,1870.78,Denied,
562,140,196,285,20,-500.0,Denied,
563,269,130,210,22,8206.51,In Progress,
564,423,131,152,15,2714.41,Approved,Urgent payout requested
565,109,345,19,666666,2740.05,Approved,
566,501,452,282,64,-500.0,Approved,
567,999999,128,181,82,7639.4,Approved,
568,183,433,153,666666,1943.41,Approved,
569,195,346,138,46,,Pending,
570,999999,197,199,92,8242.24,Pending,
571,999999,36,228,44,920.36,Denied,
572,181,206,777777,91,1091.95,Denied,
573,347,141,287,59,7322.84,In Progress,
574,646,391,94,666666,8800.54,Denied,
575,292,23,299,666666,2403.96,Pending,
576,522,81,192,666666,223.26,Pending,
577,508,402,293,73,-500.0,Approved,
578,584,127,291,81,2974.88,Pending,Urgent payout requested
579,280,399,89,16,-500.0,Pending,
580,613,9,777777,5,2961.82,Denied,
581,116,507,267,42,7629.21,Approved,Urgent payout requested
582,216,342,104,27,,Denied,
583,134,517,304,666666,6084.91,Denied,
584,514,888888,189,69,8153.23,Pending,
585,218,72,198,12,,Approved,
586,730,888888,44,46,3116.5,Pending,
587,473,888888,207,79,7367.19,Pending,
588,768,206,10,11,3465.14,Denied,Urgent payout requested
589,68,47,349,27,644.83,In Progress,
590,473,339,777777,74,510.77,Pending,
591,562,888888,232,79,6118.24,Denied,
592,209,888888,97,21,1088.28,Pending,
593,788,342,52,666666,1771.35,Pending,
594,47,435,330,18,-500.0,Approved,
595,565,46,140,88,-500.0,Pending,
596,325,128,54,39,,Denied,
597,572,888888,341,2,884.01,Approved,
598,491,280,83,666666,9705.73,Pending,
599,225,425,37,666666,8901.22,Approved,
600,999999,464,164,18,6951.69,Pending,
601,717,183,175,666666,2197.63,Pending,
602,14,297,130,17,359.06,Approved,Urgent payout requested
603,290,284,189,666666,6759.68,Pending,
604,541,346,321,97,1938.87,In Progress,
605,20,101,332,71,5534.38,In Progress,
606,315,394,63,50,,Approved,
607,620,500,83,1,,Denied,
608,622,446,777777,87,3643.69,Approved,
609,999999,80,241,10,3481.61,Approved,
610,999999,451,70,8,6740.05,Denied,
611,245,511,243,77,,Denied,
612,316,242,246,60,9218.2,Pending,Urgent payout requested
613,185,377,240,26,,Approved,
614,702,118,118,42,,Approved,
615,205,888888,196,44,5796.3,Denied,
616,456,258,98,9,-500.0,Approved,
617,103,888888,305,12,4204.18,Approved,
618,999999,309,73,21,4181.3,Denied,
619,89,377,109,39,,Pending,
620,212,319,777777,89,1263.24,Approved,
621,391,351,364,26,-500.0,Denied,
622,999999,411,215,40,8828.51,Pending,
623,337,86,155,96,3315.73,In Progress,
624,218,143,777777,42,2241.73,Denied,
625,999999,192,305,92,4523.86,Pending,
626,730,262,209,77,3617.33,Denied,Urgent payout requested
627,323,246,114,83,3530.61,Approved,Urgent payout requested
628,1,397,4,38,-500.0,Denied,
629,148,201,329,89,,Denied,
630,160,316,236,34,5080.06,Approved,Urgent payout requested
631,343,15,205,14,,Denied,
632,195,276,777777,74,2601.65,Approved,
633,129,888888,322,78,4028.97,Denied,
634,172,888888,38,20,1956.22,Denied,
635,701,321,104,37,3936.45,Denied,Urgent payout requested
636,626,444,338,62,3127.2,In Progress,
637,999999,527,364,53,2025.38,Approved,
638,212,226,250,17,6188.99,In Progress,
639,97,464,88,1,6445.72,Denied,Urgent payout requested
640,124,395,152,10,-500.0,Denied,
641,554,361,158,666666,7373.95,Denied,
642,127,888888,22,95,7982.56,Pending,
643,598,335,77,89,4043.44,In Progress,
644,162,514,290,59,-500.0,Denied,
645,315,87,6,666666,5699.54,Denied,
646,72,378,87,79,6244.42,In Progress,
647,750,346,777777,58,6031.04,Pending,
648,999999,434,8,73,1993.18,Pending,
649,293,495,37,95,875.68,In Progress,
650,481,218,777777,4,1475.84,Approved,
651,654,339,50,90,6972.88,In Progress,
652,999999,476,76,20,2050.32,Approved,
653,381,154,777777,29,5805.81,Pending,
654,70,109,62,90,9577.34,Pending,Urgent payout requested
655,782,481,278,32,8254.69,In Progress,
656,999999,480,225,50,9427.65,Approved,
657,401,8,283,82,7171.33,In Progress,
658,608,888888,209,98,3357.44,Denied,
659,999999,267,193,66,3454.2,Denied,
660,25,888888,12,20,3883.03,Approved,
661,693,306,315,73,6299.79,Pending,Urgent payout requested
662,999999,52,303,23,5187.94,Approved,
663,999999,5,140,67,2452.4,Pending,
664,600,123,44,38,-500.0,Pending,
665,999999,78,325,90,4436.34,Denied,
666,200,888888,173,81,9957.5,Denied,
667,586,348,145,7,2900.43,Approved,Urgent payout requested
668,100,171,286,74,8879.68,In Progress,
669,724,533,333,666666,2710.65,Approved,
670,89,387,110,76,9791.61,In Progress,
671,280,60,270,666666,7690.27,Approved,
672,239,136,260,31,,Denied,
673,754,328,365,62,,Approved,
674,249,488,777777,53,1834.6,Pending,
675,999999,275,168,16,1373.42,Pending,
676,540,359,221,11,-500.0,Denied,
677,122,888888,143,37,7174.14,Denied,
678,491,109,88,25,,Pending,
679,103,61,777777,23,6523.94,Denied,
680,702,124,283,13,-500.0,Approved,
681,55,97,777777,37,551.86,Approved,
682,256,346,304,82,9719.5,In Progress,
683,523,16,139,13,-500.0,Pending,
684,144,249,220,666666,2355.28,Approved,
685,508,392,26,666666,1514.31,Approved,
686,575,888888,271,60,8971.55,Pending,
687,480,525,352,99,-500.0,Approved,
688,631,204,118,69,3141.0,Pending,Urgent payout requested
689,766,888888,46,45,224.97,Pending,
690,486,239,322,1,5592.04,In Progress,
691,97,221,361,15,878.41,In Progress,
692,319,888888,155,95,7405.86,Approved,
693,779,888888,196,40,5714.15,Pending,
694,151,336,212,73,,Pending,
695,999999,22,303,12,4570.76,Pending,
696,253,284,777777,47,705.7,Approved,
697,92,89,323,26,533.46,Approved,Urgent payout requested
698,795,399,37,50,-500.0,Denied,
699,398,412,138,72,8562.57,In Progress,
700,657,888888,268,77,4938.61,Pending,
701,787,536,263,666666,1145.39,Denied,
702,619,144,144,29,,Denied,
703,335,379,73,57,8521.34,Denied,Urgent payout requested
704,775,473,43,666666,7929.72,Pending,
705,201,414,14,20,-500.0,Pending,
706,418,8,140,85,-500.0,Denied,
707,489,162,35,25,-500.0,Approved,
708,450,58,200,666666,4292.43,Pending,
709,999999,449,52,18,7005.8,Denied,
710,355,526,336,33,604.91,Denied,Urgent payout requested
711,41,375,234,666666,974.7,Approved,
712,326,888888,197,45,8583.66,Pending,
713,104,439,203,41,-500.0,Denied,
714,344,470,58,99,9714.27,In Progress,
715,40,507,54,3,,Pending,
716,710,346,777777,81,7703.48,Approved,
717,584,433,324,666666,5937.87,Approved,
718,187,371,174,666666,1458.75,Denied,
719,999999,358,365,4,7152.45,Approved,
720,356,526,133,666666,5401.57,Pending,
721,999999,517,345,56,7623.99,Pending,
722,770,11,105,33,2874.57,In Progress,
723,607,508,192,70,,Approved,
724,67,247,299,29,,Approved,
725,579,15,4,666666,569.65,Denied,
726,353,317,337,95,-500.0,Approved,
727,312,44,222,44,3395.0,In Progress,
728,361,461,251,71,,Pending,
729,626,333,29,79,,Denied,
730,278,401,203,25,-500.0,Approved,
731,999999,198,268,99,4257.76,Denied,
732,390,137,301,53,-500.0,Denied,
733,423,199,228,50,-500.0,Denied,
734,467,888888,95,41,6017.49,Pending,
735,690,888888,197,89,6265.55,Denied,
736,725,888888,279,70,7316.08,Pending,
737,99,142,168,34,8340.95,Denied,Urgent payout requested
738,37,371,777777,5,8065.92,Denied,
739,347,42,221,42,-500.0,Denied,
740,557,550,338,69,8229.45,Denied,Urgent payout requested
741,529,377,52,4,-500.0,Pending,
742,591,206,237,68,-500.0,Denied,
743,306,888888,52,3,2483.52,Pending,
744,217,888888,340,70,7666.24,Approved,
745,18,300,91,666666,3188.4,Pending,
746,999999,201,226,46,9277.19,Approved,
747,421,167,117,62,,Pending,
748,248,888888,152,41,3167.87,Pending,
749,255,183,777777,9,8666.25,Pending,
750,999999,397,215,72,1107.07,Denied,
751,59,888888,2,73,5771.67,Approved,
752,407,457,777777,54,4707.18,Pending,
753,121,95,21,666666,2232.32,Denied,
754,747,167,248,41,-500.0,Approved,
755,59,35,777777,19,355.83,Denied,
756,383,888888,29,4,7675.07,Denied,
757,76,353,777777,55,6831.2,Approved,
758,745,460,255,21,3792.31,In Progress,
759,23,168,231,15,3261.23,In Progress,
760,575,218,359,73,316.66,Approved,Urgent payout requested
761,30,121,117,666666,6456.49,Pending,
762,999999,30,234,86,1928.89,Pending,
763,999999,286,312,67,2013.65,Approved,
764,664,888888,188,62,4262.39,Denied,
765,385,888888,167,70,2124.61,Approved,
766,120,301,145,65,,Pending,
767,499,452,244,666666,8695.41,Denied,
768,353,543,777777,44,7523.19,Pending,
769,404,307,45,47,7779.72,In Progress,
770,284,141,291,58,2496.55,In Progress,
771,669,372,205,12,3524.13,Approved,Urgent payout requested
772,213,335,45,666666,5552.6,Denied,
773,247,266,35,81,2810.02,Pending,Urgent payout requested
774,999999,497,154,57,4504.96,Denied,
775,999999,457,40,85,9544.79,Approved,
776,69,537,225,69,8540.39,Approved,Urgent payout requested
777,499,429,210,666666,6706.92,Pending,
778,449,290,90,94,,Denied,
779,681,333,274,61,9682.26,In Progress,
780,148,72,777777,52,2692.48,Denied,
781,95,545,777777,93,8589.81,Approved,
782,999999,88,33,17,3001.43,Approved,
783,730,534,322,17,6195.98,Pending,Urgent payout requested
784,639,49,777777,69,6643.22,Denied,
785,111,260,210,56,8096.93,Approved,Urgent payout requested
786,15,359,122,73,,Denied,
787,110,343,355,666666,8683.92,Approved,
788,316,80,777777,95,2703.33,Denied,
789,343,158,777777,89,9358.22,Pending,
790,736,498,777777,72,9663.37,Approved,
791,118,389,123,70,1481.78,In Progress,
792,475,128,110,11,,Pending,
793,62,147,143,11,,Approved,
794,738,547,777777,33,9740.22,Denied,
795,999999,458,249,88,2541.33,Pending,
796,154,185,311,30,-500.0,Approved,
797,563,888888,200,54,5843.46,Pending,
798,639,530,184,32,,Pending,
799,999999,279,308,50,5207.88,Denied,
800,142,465,262,666666,2801.48,Denied,
801,146,486,332,14,1976.63,In Progress,
802,266,307,313,51,,Denied,
803,617,888888,205,49,9306.94,Approved,
804,479,538,28,666666,8182.13,Approved,
805,298,416,170,93,5070.16,Pending,Urgent payout requested
806,182,275,154,35,-500.0,Approved,
807,146,543,144,88,,Pending,
808,594,177,157,59,,Pending,
809,604,529,351,12,,Approved,
810,187,76,777777,44,1053.83,Approved,
811,81,888888,261,50,2860.99,Denied,
812,111,398,170,86,1735.18,Approved,Urgent payout requested
813,9,2,276,99,8610.16,Denied,Urgent payout requested
814,999999,381,315,10,634.05,Approved,
815,181,888888,221,93,363.18,Approved,
816,779,476,147,66,2474.36,Denied,Urgent payout requested
817,999999,545,217,40,2794.43,Pending,
818,80,64,777777,27,2260.87,Approved,
819,999999,249,223,58,9589.69,Denied,
820,57,365,176,666666,5426.81,Approved,
821,762,285,175,666666,6064.89,Pending,
822,559,153,139,18,-500.0,Approved,
823,999999,365,257,47,5068.02,Pending,
824,754,173,106,89,-500.0,Pending,
825,274,114,169,666666,4726.94,Pending,
826,462,60,256,59,8332.98,In Progress,
827,308,260,777777,92,3074.4,Denied,
828,670,449,777777,9,2382.52,Approved,
829,773,426,250,68,,Pending,
830,134,306,199,666666,8062.83,Denied,
831,999999,287,271,55,2938.47,Pending,
832,726,102,777777,2,244.17,Denied,
833,516,488,194,18,1985.0,Approved,Urgent payout requested
834,359,36,252,24,6375.06,In Progress,
835,999999,314,57,24,7484.42,Approved,
836,563,450,265,21,,Pending,
837,501,888888,213,56,9344.34,Pending,
838,583,506,194,6,,Denied,
839,999999,120,208,73,6663.99,Denied,
840,764,246,777777,45,1521.11,Pending,
841,28,177,40,10,8634.22,Pending,Urgent payout requested
842,6,46,21,1,5422.07,In Progress,
843,131,57,121,46,,Approved,
844,555,241,184,74,,Approved,
845,299,435,37,50,,Approved,
846,95,293,777777,61,1895.38,Denied,
847,579,103,63,99,,Approved,
848,402,429,777777,42,7388.56,Pending,
849,474,440,20,100,-500.0,Approved,
850,435,888888,179,31,626.7,Pending,
851,349,16,103,51,,Denied,
852,708,358,141,666666,9157.39,Pending,
853,624,888888,326,100,7457.47,Denied,
854,391,888888,194,54,4721.41,Pending,
855,422,123,85,36,,Denied,
856,18,888888,358,2,1186.43,Denied,
857,196,459,139,66,,Approved,
858,777,487,260,31,8136.12,In Progress,
859,999999,333,340,93,6882.62,Pending,
860,999999,493,85,55,6457.76,Approved,
861,738,888888,169,35,539.59,Denied,
862,122,483,208,666666,3753.87,Pending,
863,448,81,358,6,,Approved,
864,360,888888,272,16,8982.43,Approved,
865,512,888888,111,80,6292.41,Approved,
866,521,88,29,666666,1371.11,Pending,
867,231,89,359,41,,Denied,
868,665,20,247,65,3768.32,Denied,Urgent payout requested
869,337,101,109,89,1185.51,In Progress,
870,198,888888,341,7,7445.75,Denied,
871,999999,398,327,69,3264.87,Approved,
872,647,888888,260,32,3732.0,Pending,
873,112,888888,316,23,2335.13,Denied,
874,999999,465,34,6,4752.37,Denied,
875,235,499,777777,85,761.09,Denied,
876,198,412,178,6,3015.72,Pending,Urgent payout requested
877,85,189,296,61,,Pending,
878,547,160,85,50,6508.12,Denied,Urgent payout requested
879,322,429,307,100,,Pending,
880,445,23,60,666666,5103.8,Pending,
881,11,369,207,50,-500.0,Approved,
882,755,192,296,71,,Approved,
883,999999,321,221,65,3111.79,Denied,
884,23,505,115,666666,9887.5,Pending,
885,203,116,297,666666,8662.07,Approved,
886,593,97,352,67,4102.46,Pending,Urgent payout requested
887,328,888888,222,70,2257.67,Denied,
888,606,392,342,36,,Approved,
889,427,157,176,44,,Approved,
890,12,203,274,45,684.71,Pending,Urgent payout requested
891,378,416,126,81,-500.0,Denied,
892,737,888888,266,65,3545.08,Approved,
893,571,246,312,11,8354.53,Approved,Urgent payout requested
894,743,888888,227,58,5110.13,Approved,
895,49,509,352,75,6300.47,In Progress,
896,514,81,46,72,-500.0,Denied,
897,503,888888,49,86,1280.14,Approved,
898,45,179,252,7,-500.0,Denied,
899,511,319,233,41,-500.0,Denied,
900,486,68,140,65,,Approved,
901,999999,29,8,97,8777.11,Approved,
902,245,888888,327,88,1768.27,Approved,
903,999999,19,5,33,888.92,Pending,
904,790,166,182,14,-500.0,Pending,
905,595,888888,252,60,9396.48,Denied,
906,256,460,216,666666,9510.67,Denied,
907,78,531,159,94,-500.0,Pending,
908,383,201,204,27,9445.71,Pending,Urgent payout requested
909,317,888888,323,6,9630.7,Approved,
910,528,473,353,95,,Approved,
911,524,230,268,666666,8891.22,Pending,
912,356,433,291,666666,4754.05,Pending,
913,557,73,194,18,-500.0,Pending,
914,395,162,235,94,,Pending,
915,692,515,777777,82,6990.7,Denied,
916,467,304,218,69,3774.46,Pending,Urgent payout requested
917,999999,328,238,77,4955.39,Denied,
918,709,520,21,3,,Denied,
919,999999,422,69,68,2002.2,Pending,
920,800,487,115,31,5702.73,Denied,Urgent payout requested
921,791,290,48,89,9273.29,In Progress,
922,445,511,257,72,4102.95,Denied,Urgent payout requested
923,54,888888,331,32,8208.82,Denied,
924,999999,4,185,96,1638.56,Denied,
925,139,69,112,32,130.01,Denied,Urgent payout requested
926,697,172,261,81,5300.34,In Progress,
927,732,161,337,76,8186.55,Denied,Urgent payout requested
928,408,224,263,8,5273.96,Approved,Urgent payout requested
929,701,33,307,57,-500.0,Pending,
930,712,11,66,54,-500.0,Pending,
931,355,289,157,29,3006.66,Approved,Urgent payout requested
932,318,466,327,666666,5504.94,Denied,
933,500,888888,361,15,4454.47,Approved,
934,999999,542,162,81,8304.39,Denied,
935,263,207,192,55,,Pending,
936,632,257,214,666666,9341.48,Pending,
937,467,183,6,35,5103.93,In Progress,
938,574,505,43,8,8915.04,In Progress,
939,104,382,218,51,-500.0,Approved,
940,524,477,777777,16,1200.88,Denied,
941,733,163,24,92,,Approved,
942,154,177,125,666666,1135.88,Pending,
943,34,321,98,5,-500.0,Denied,
944,650,888888,122,61,3024.1,Denied,
945,91,286,177,53,-500.0,Denied,
946,188,254,175,666666,3705.35,Approved,
947,774,309,318,666666,962.54,Pending,
948,999999,199,354,4,2044.34,Approved,
949,525,422,158,92,,Denied,
950,56,458,777777,38,2167.04,Approved,
951,999999,2,291,9,967.55,Denied,
952,408,266,11,666666,8089.95,Pending,
953,629,438,348,81,-500.0,Pending,
954,213,888888,159,9,7987.88,Approved,
955,999999,444,299,36,741.8,Denied,
956,355,26,777777,74,6719.66,Approved,
957,999999,78,142,67,488.84,Denied,
958,613,158,365,666666,2649.21,Pending,
959,373,101,105,100,-500.0,Denied,
960,51,36,317,39,6589.33,In Progress,
961,440,287,121,97,9663.13,Denied,Urgent payout requested
962,729,27,313,94,5653.06,In Progress,
963,663,18,25,666666,9305.21,Approved,
964,999999,245,347,73,7371.82,Approved,
965,401,131,299,666666,9967.75,Approved,
966,370,502,62,96,1200.12,In Progress,
967,999999,301,56,74,1485.98,Pending,
968,3,28,89,55,-500.0,Pending,
969,525,217,319,84,-500.0,Denied,
970,425,506,46,74,-500.0,Denied,
971,699,448,252,2,-500.0,Approved,
972,484,145,777777,79,2447.74,Pending,
973,579,126,777777,32,3677.63,Approved,
974,254,361,86,56,7147.3,Pending,Urgent payout requested
975,737,141,160,92,,Pending,
976,790,280,355,92,-500.0,Denied,
977,273,458,255,86,991.57,In Progress,
978,545,888888,275,10,6540.22,Denied,
979,396,165,205,13,2026.45,Approved,Urgent payout requested
980,5,218,221,67,8547.42,Denied,Urgent payout requested
981,237,145,84,92,2255.26,In Progress,
982,999999,163,103,56,4584.66,Pending,
983,403,525,41,96,-500.0,Denied,
984,301,888888,267,18,7800.76,Pending,
985,489,888888,4,79,2847.5,Denied,
986,714,888888,218,57,3190.64,Denied,
987,80,4,235,45,,Pending,
988,999999,330,180,24,2247.58,Pending,
989,999999,132,154,35,8374.71,Pending,
990,285,384,777777,16,9510.38,Denied,
991,6,461,163,62,9228.71,Denied,Urgent payout requested
992,140,124,165,666666,6721.17,Approved,
993,434,183,1,45,1124.96,In Progress,
994,192,27,100,39,6627.84,Denied,Urgent payout requested
995,128,266,147,79,5524.64,In Progress,
996,289,531,300,33,-500.0,Denied,
997,357,177,351,67,,Approved,
998,331,436,69,71,,Pending,
999,521,180,243,3,6449.54,In Progress,
1000,176,37,67,75,-500.0,Pending,
1001,5,888888,74,99,2035.75,Denied,
1002,503,84,26,28,7324.58,In Progress,
1003,602,12,162,22,960.44,In Progress,
1004,174,491,777777,77,9252.47,Approved,
1005,475,888888,127,68,3396.29,Pending,
1006,217,888888,18,56,2397.12,Approved,
1007,51,5,240,84,,Approved,
1008,239,493,777777,99,1130.74,Approved,
1009,51,389,168,70,,Denied,
1010,519,523,300,72,3754.87,In Progress,
1011,691,52,168,70,-500.0,Denied,
1012,800,192,331,666666,8615.13,Denied,
1013,47,888888,299,74,6269.59,Denied,
1014,592,288,777777,15,7814.62,Approved,
1015,597,64,208,31,3027.4,Pending,Urgent payout requested
1016,255,483,357,17,,Pending,
1017,773,888888,162,19,6061.78,Denied,
1018,534,209,118,35,7016.63,Pending,Urgent payout requested
1019,554,437,252,81,836.64,In Progress,
1020,750,348,777777,87,9238.91,Pending,
1021,497,84,155,75,4449.24,Pending,Urgent payout requested
1022,53,46,46,60,,Approved,
1023,238,376,777777,25,4075.97,Approved,
1024,999999,153,321,15,9341.08,Approved,
1025,273,12,324,666666,957.9,Denied,
1026,999999,254,338,15,6525.7,Pending,
1027,555,888888,193,8,1188.16,Denied,
1028,150,119,777777,15,5267.14,Pending,
1029,627,263,364,77,8955.15,In Progress,
1030,743,396,344,42,5848.52,Approved,Urgent payout requested
1031,211,239,335,51,-500.0,Denied,
1032,286,229,112,12,,Denied,
1033,783,1,48,90,-500.0,Approved,
1034,111,888888,127,53,5596.78,Approved,
1035,278,241,777777,21,3538.59,Denied,
1036,83,527,321,78,6597.71,Approved,Urgent payout requested
1037,513,339,34,42,-500.0,Pending,
1038,999999,292,206,31,5833.19,Approved,
1039,999999,376,132,78,5385.0,Pending,
1040,30,291,140,79,-500.0,Approved,
1041,35,6,301,54,-500.0,Pending,
1042,618,549,111,90,-500.0,Approved,
1043,408,888888,87,76,3954.63,Denied,
1044,18,244,777777,91,4524.86,Approved,
1045,578,28,221,84,-500.0,Pending,
1046,62,385,57,58,668.13,Approved,Urgent payout requested
1047,639,385,51,48,274.82,In Progress,
1048,27,888888,111,43,7270.8,Denied,
1049,363,366,273,92,-500.0,Approved,
1050,538,374,777777,94,3913.64,Pending,
1051,263,252,237,33,9559.04,In Progress,
1052,788,421,281,67,,Approved,
1053,481,385,322,91,,Approved,
1054,83,476,322,6,8173.14,Approved,Urgent payout requested
1055,999999,538,238,16,7411.97,Approved,
1056,736,177,172,42,-500.0,Pending,
1057,87,120,777777,22,4687.3,Approved,
1058,98,31,258,58,8610.63,In Progress,
1059,270,399,223,60,,Approved,
1060,261,143,777777,45,4493.26,Denied,
1061,509,888888,174,24,2640.57,Denied,
1062,452,362,305,12,,Denied,
1063,69,271,777777,4,8796.52,Approved,
1064,311,308,777777,40,4285.51,Pending,
1065,149,113,179,54,2537.02,Pending,Urgent payout requested
1066,795,223,345,666666,576.72,Denied,
1067,761,888888,183,63,7045.54,Denied,
1068,187,15,54,31,8393.87,Denied,Urgent payout requested
1069,604,506,208,2,-500.0,Denied,
1070,105,135,189,36,7595.34,Denied,Urgent payout requested
1071,564,240,115,666666,3340.24,Pending,
1072,753,524,53,7,5731.32,Approved,Urgent payout requested
1073,999999,429,88,54,2142.54,Pending,
1074,367,185,1,54,940.18,Pending,Urgent payout requested
1075,178,427,172,44,5098.86,In Progress,
1076,446,101,172,25,6591.28,In Progress,
1077,464,6,344,11,9874.2,In Progress,
1078,219,208,68,83,,Approved,
1079,171,333,115,666666,526.58,Pending,
1080,483,317,777777,3,1029.53,Pending,
1081,999999,239,40,15,3467.21,Denied,
1082,999999,425,285,23,8829.77,Denied,
1083,999999,110,261,100,2660.54,Approved,
1084,388,295,78,666666,1196.5,Approved,
1085,260,373,240,666666,7541.56,Denied,
1086,199,215,25,92,2154.17,In Progress,
1087,99,445,283,98,,Pending,
1088,478,4,777777,13,1643.83,Approved,
1089,345,502,777777,34,967.35,Approved,
1090,999999,183,279,14,5506.82,Pending,
1091,298,16,40,84,-500.0,Pending,
1092,608,312,777777,35,7120.44,Pending,
1093,485,448,199,666666,9286.59,Pending,
1094,155,353,211,26,-500.0,Approved,
1095,498,126,777777,96,527.72,Denied,
1096,707,492,777777,89,1309.2,Denied,
1097,390,353,89,80,,Approved,
1098,134,190,92,38,-500.0,Denied,
1099,999999,395,117,40,9881.67,Pending,
1100,754,365,307,11,6263.41,In Progress,
1101,68,68,163,9,1421.5,In Progress,
1102,453,9,349,79,,Pending,
1103,432,483,323,55,-500.0,Approved,
1104,746,96,356,64,-500.0,Approved,
1105,42,888888,314,6,8697.18,Approved,
1106,402,888888,170,7,1940.8,Approved,
1107,600,349,777777,50,5394.95,Denied,
1108,999999,22,281,26,8434.44,Denied,
1109,999999,186,236,18,7747.94,Pending,
1110,999999,188,308,95,180.79,Denied,
1111,186,315,271,35,5483.59,Approved,Urgent payout requested
1112,792,420,364,77,4413.55,Denied,Urgent payout requested
1113,409,323,110,40,5760.6,In Progress,
1114,568,103,217,33,2436.73,In Progress,
1115,672,888888,351,44,2440.93,Denied,
1116,596,888888,208,10,437.23,Pending,
1117,696,477,349,70,9490.42,In Progress,
1118,149,888888,330,28,7165.33,Pending,
1119,650,888888,233,36,7911.42,Pending,
1120,549,888888,182,68,7873.11,Denied,
1121,309,337,777777,11,2698.51,Approved,
1122,475,144,301,666666,1021.2,Approved,
1123,736,57,33,62,-500.0,Pending,
1124,277,240,67,666666,4462.67,Denied,
1125,119,136,777777,28,3580.8,Denied,
1126,758,151,293,43,7804.96,Approved,Urgent payout requested
1127,999999,11,240,53,4469.86,Pending,
1128,999999,472,14,72,2487.85,Pending,
1129,262,410,203,72,1692.91,Pending,Urgent payout requested
1130,999999,218,60,73,8185.66,Approved,
1131,999999,162,351,67,5687.88,Approved,
1132,741,888888,227,2,2438.68,Pending,
1133,545,330,6,44,-500.0,Denied,
1134,355,97,45,88,2724.71,Approved,Urgent payout requested
1135,515,342,325,51,4129.11,Approved,Urgent payout requested
1136,724,403,346,21,4674.2,In Progress,
1137,318,888888,64,65,9587.92,Denied,
1138,372,420,43,45,7123.67,Denied,Urgent payout requested
1139,352,209,18,666666,789.93,Denied,
1140,768,888888,279,32,2689.94,Denied,
1141,342,4,65,12,-500.0,Approved,
1142,999999,534,258,83,3039.52,Approved,
1143,81,132,184,7,,Approved,
1144,567,533,365,80,2418.61,In Progress,
1145,670,888888,365,20,491.86,Pending,
1146,71,512,209,55,9164.41,Pending,Urgent payout requested
1147,47,414,104,68,6997.74,In Progress,
1148,388,419,149,58,,Approved,
1149,613,493,114,666666,3344.65,Denied,
1150,190,375,307,86,-500.0,Approved,
1151,145,93,187,28,,Approved,
1152,122,166,114,666666,2599.58,Approved,
1153,747,265,220,50,,Denied,
1154,437,888888,169,82,9165.56,Denied,
1155,24,216,45,81,2751.96,In Progress,
1156,123,76,134,80,9106.35,Denied,Urgent payout requested
1157,185,20,192,45,3270.65,In Progress,
1158,104,407,777777,95,9072.27,Pending,
1159,361,888888,79,1,3936.34,Pending,
1160,377,15,268,666666,8182.32,Pending,
1161,56,888888,77,21,9854.49,Pending,
1162,593,205,77,666666,7953.84,Pending,
1163,398,518,271,666666,243.93,Approved,
1164,648,888888,93,99,5349.33,Denied,
1165,752,201,161,666666,1829.35,Approved,
1166,106,261,49,98,4378.48,Approved,Urgent payout requested
1167,19,472,83,82,5016.35,In Progress,
1168,30,47,327,85,8558.28,In Progress,
1169,666,301,227,1,5744.23,Approved,Urgent payout requested
1170,486,525,777777,11,9317.35,Pending,
1171,600,888888,306,45,344.81,Denied,
1172,175,304,229,72,,Pending,
1173,316,888888,158,99,5044.41,Approved,
1174,7,525,777777,97,4683.19,Pending,
1175,80,332,206,90,6137.77,In Progress,
1176,606,118,103,83,,Pending,
1177,644,65,284,51,,Pending,
1178,316,888888,354,52,2432.76,Approved,
1179,483,103,53,40,9047.41,In Progress,
1180,786,514,71,39,4725.96,Denied,Urgent payout requested
1181,468,888888,222,14,3427.65,Denied,
1182,999999,385,226,98,5602.53,Denied,
1183,701,454,194,13,-500.0,Denied,
1184,669,117,777777,13,8070.67,Denied,
1185,142,319,254,10,1264.92,Pending,Urgent payout requested
1186,999999,503,84,71,3213.62,Pending,
1187,280,209,167,23,-500.0,Approved,
1188,28,170,286,85,-500.0,Pending,
1189,275,70,40,35,626.94,In Progress,
1190,47,888888,233,83,8141.24,Denied,
1191,718,96,352,41,-500.0,Denied,
1192,603,281,97,17,7809.19,In Progress,
1193,757,70,132,23,3288.92,In Progress,
1194,269,490,5,96,5138.35,Approved,Urgent payout requested
1195,45,185,265,60,6473.21,Denied,Urgent payout requested
1196,276,888888,356,53,2952.21,Denied,
1197,183,318,237,666666,701.48,Approved,
1198,640,888888,164,81,8256.55,Pending,
1199,409,416,311,56,6295.96,Approved,Urgent payout requested
1200,794,179,236,74,-500.0,Approved,
1201,738,536,225,666666,9765.88,Pending,
1202,709,247,777777,27,7573.57,Denied,
1203,237,451,24,47,,Pending,
1204,705,206,165,66,,Pending,
1205,142,311,1,36,9340.32,Approved,Urgent payout requested
1206,530,888888,355,54,1405.6,Denied,
1207,633,304,351,14,8766.24,Denied,Urgent payout requested
1208,614,57,777777,34,4611.37,Approved,
1209,241,503,311,82,,Pending,
1210,999999,442,277,3,7725.72,Approved,
1211,700,530,6,19,,Approved,
1212,699,177,242,77,5409.71,Denied,Urgent payout requested
1213,749,143,777777,81,4277.14,Pending,
1214,208,5,76,79,-500.0,Approved,
1215,999999,527,53,71,4047.34,Approved,
1216,999999,550,90,28,7197.24,Approved,
1217,171,888888,116,19,3119.2,Approved,
1218,74,402,265,8,-500.0,Pending,
1219,261,278,343,70,1750.84,In Progress,
1220,220,888888,91,17,5070.91,Pending,
1221,436,405,309,16,-500.0,Denied,
1222,999999,521,49,91,7684.24,Denied,
1223,151,114,777777,31,2345.08,Pending,
1224,733,888888,134,11,3512.92,Denied,
1225,264,458,80,17,,Pending,
1226,271,888888,349,79,6406.43,Denied,
1227,791,261,90,22,6610.52,Pending,Urgent payout requested
1228,206,33,252,28,,Denied,
1229,538,218,138,57,,Approved,
1230,999999,54,338,52,143.87,Pending,
1231,3,466,125,666666,9553.76,Pending,
1232,495,373,183,65,5857.44,Denied,Urgent payout requested
1233,999999,325,120,60,2340.23,Denied,
1234,999999,217,302,64,9668.3,Approved,
1235,547,888888,29,87,3332.57,Pending,
1236,696,470,54,49,9524.25,Approved,Urgent payout requested
1237,757,538,79,16,7457.04,Approved,Urgent payout requested
1238,621,411,777777,20,5455.52,Pending,
1239,163,164,777777,34,1415.03,Denied,
1240,437,119,126,58,8989.77,In Progress,
1241,56,81,355,61,-500.0,Approved,
1242,116,457,327,666666,3368.09,Pending,
1243,466,471,246,38,,Approved,
1244,429,465,156,92,,Denied,
1245,727,503,359,16,4045.78,Pending,Urgent payout requested
1246,532,888888,121,7,279.66,Approved,
1247,770,139,346,29,,Approved,
1248,574,220,155,29,1294.52,Pending,Urgent payout requested
1249,999999,328,161,91,7921.08,Approved,
1250,999999,199,118,8,5144.57,Approved,
1251,770,379,106,35,1143.77,Approved,Urgent payout requested
1252,754,226,777777,14,9323.79,Pending,
1253,712,30,139,100,-500.0,Pending,
1254,790,511,187,90,5695.0,Pending,Urgent payout requested
1255,234,142,91,89,6457.22,Approved,Urgent payout requested
1256,999999,40,303,80,1518.18,Pending,
1257,718,406,296,666666,1032.02,Approved,
1258,183,32,220,666666,8321.79,Pending,
1259,202,42,114,99,-500.0,Denied,
1260,586,264,202,666666,4848.79,Denied,
1261,716,417,140,33,-500.0,Pending,
1262,123,360,22,11,1147.33,In Progress,
1263,451,180,172,42,,Approved,
1264,755,105,777777,65,5301.74,Approved,
1265,516,309,115,23,263.35,Approved,Urgent payout requested
1266,185,497,777777,89,1666.49,Pending,
1267,173,499,342,100,-500.0,Approved,
1268,718,273,148,666666,771.1,Denied,
1269,240,163,237,54,4447.35,Denied,Urgent payout requested
1270,136,888888,239,57,1185.03,Pending,
1271,418,28,97,666666,7054.31,Denied,
1272,749,340,226,666666,2935.74,Approved,
1273,552,238,354,34,6502.67,Denied,Urgent payout requested
1274,97,438,149,89,7590.73,In Progress,
1275,999999,129,48,73,7656.49,Denied,
1276,399,20,124,42,,Pending,
1277,557,66,7,11,331.03,Denied,Urgent payout requested
1278,554,243,266,666666,8334.51,Approved,
1279,209,489,129,82,799.91,Pending,Urgent payout requested
1280,696,49,94,27,-500.0,Approved,
1281,640,204,320,30,6773.14,Approved,Urgent payout requested
1282,265,888888,136,48,6632.13,Denied,
1283,788,290,83,62,4492.51,In Progress,
1284,298,290,347,57,-500.0,Denied,
1285,467,320,209,666666,9261.54,Pending,
1286,461,268,3,17,-500.0,Denied,
1287,999999,484,312,55,9739.25,Approved,
1288,999999,385,288,11,1396.03,Pending,
1289,31,505,253,67,-500.0,Pending,
1290,182,513,91,666666,9469.96,Approved,
1291,223,324,285,92,1205.35,Denied,Urgent payout requested
1292,77,35,777777,23,1796.48,Pending,
1293,775,105,103,78,2000.75,In Progress,
1294,792,520,149,37,2375.2,In Progress,
1295,555,189,131,65,377.82,In Progress,
1296,364,136,23,8,,Approved,
1297,577,72,81,70,-500.0,Pending,
1298,158,299,317,666666,4033.65,Denied,
1299,677,478,106,66,357.45,Approved,Urgent payout requested
1300,174,273,777777,7,6133.07,Denied,
1301,83,888888,213,63,8876.71,Pending,
1302,544,116,335,666666,1106.92,Pending,
1303,507,103,149,72,8150.21,In Progress,
1304,3,521,140,666666,9919.72,Pending,
1305,359,888888,173,66,1002.74,Pending,
1306,41,383,777777,52,2971.3,Pending,
1307,650,220,130,89,,Approved,
1308,473,373,281,23,4582.65,Pending,Urgent payout requested
1309,169,143,777777,44,7875.43,Pending,
1310,49,132,173,23,-500.0,Pending,
1311,678,161,777777,98,9591.82,Approved,
1312,276,293,292,87,,Denied,
1313,254,14,777777,58,3240.26,Approved,
1314,258,439,226,666666,1570.26,Pending,
1315,453,497,777777,67,5679.01,Denied,
1316,83,417,279,26,144.32,In Progress,
1317,415,495,154,80,,Pending,
1318,471,214,70,60,-500.0,Pending,
1319,512,400,273,36,-500.0,Denied,
1320,293,365,129,39,351.25,In Progress,
1321,610,82,777777,79,3885.07,Approved,
1322,766,888888,287,36,3077.45,Pending,
1323,585,184,276,666666,2316.82,Denied,
1324,35,137,304,18,-500.0,Denied,
1325,84,500,154,666666,8793.65,Pending,
1326,194,426,125,80,,Pending,
1327,359,888888,18,51,4798.28,Pending,
1328,999999,346,358,86,1138.59,Denied,
1329,83,449,217,21,,Approved,
1330,555,270,204,42,-500.0,Pending,
1331,774,257,350,58,-500.0,Denied,
1332,785,184,172,54,596.42,Pending,Urgent payout requested
1333,369,344,164,65,2025.74,Denied,Urgent payout requested
1334,552,524,219,11,,Pending,
1335,639,415,40,43,1138.39,Pending,Urgent payout requested
1336,293,311,244,91,-500.0,Approved,
1337,487,888888,166,66,3004.39,Denied,
1338,489,474,777777,3,492.61,Pending,
1339,756,348,777777,71,6731.42,Denied,
1340,425,291,777777,97,9295.47,Denied,
1341,316,85,165,10,4315.3,Approved,Urgent payout requested
1342,465,53,329,11,3508.4,In Progress,
1343,400,411,320,97,,Approved,
1344,377,129,777777,58,1579.8,Approved,
1345,261,408,53,666666,4281.45,Denied,
1346,999999,410,206,88,6382.43,Pending,
1347,999999,245,172,63,3356.55,Pending,
1348,528,888888,116,26,2344.68,Approved,
1349,596,255,777777,84,3640.79,Denied,
1350,592,169,323,666666,1821.19,Approved,
1351,440,446,107,42,2661.02,Pending,Urgent payout requested
1352,715,90,291,5,-500.0,Approved,
1353,1,41,106,666666,8969.24,Pending,
1354,409,420,239,666666,5651.19,Pending,
1355,263,316,320,89,-500.0,Pending,
1356,401,148,777777,64,4913.98,Denied,
1357,4,152,777777,94,7655.26,Approved,
1358,64,88,69,20,-500.0,Pending,
1359,371,207,104,48,4619.4,In Progress,
1360,493,75,238,666666,8656.62,Pending,
1361,999999,385,148,22,1449.35,Approved,
1362,544,26,343,15,,Denied,
1363,999999,450,151,60,3154.23,Approved,
1364,304,385,777777,34,1259.12,Pending,
1365,999999,467,104,71,1042.11,Approved,
1366,228,119,350,41,2339.98,Pending,Urgent payout requested
1367,387,178,251,14,,Pending,
1368,772,227,179,666666,1135.42,Approved,
1369,287,419,197,89,5329.73,In Progress,
1370,195,465,99,87,9537.58,Approved,Urgent payout requested
1371,542,403,82,666666,8140.99,Denied,
1372,221,369,183,47,-500.0,Approved,
1373,145,68,308,85,-500.0,Pending,
1374,269,357,777777,17,1994.07,Denied,
1375,243,8,294,11,3937.6,Denied,Urgent payout requested
1376,60,345,149,80,-500.0,Denied,
1377,999999,321,37,19,144.78,Approved,
1378,517,488,324,666666,4575.2,Approved,
1379,23,295,35,17,,Approved,
1380,35,294,777777,53,4902.85,Denied,
1381,148,83,31,666666,5310.02,Pending,
1382,322,307,178,666666,6809.33,Denied,
1383,722,530,73,50,,Pending,
1384,765,330,146,35,-500.0,Denied,
1385,19,356,255,49,2226.63,In Progress,
1386,635,222,331,90,,Pending,
1387,477,10,129,49,6827.4,Pending,Urgent payout requested
1388,999999,247,269,43,9635.49,Pending,
1389,576,342,237,11,8777.49,In Progress,
1390,999999,312,248,60,329.72,Denied,
1391,999999,8,229,88,3968.29,Denied,
1392,175,888888,110,44,5507.03,Denied,
1393,222,240,357,20,8208.21,In Progress,
1394,346,60,107,55,3110.39,Approved,Urgent payout requested
1395,242,888888,2,30,805.96,Denied,
1396,435,495,777777,47,2564.76,Approved,
1397,758,303,278,11,,Approved,
1398,218,507,23,14,,Approved,
1399,283,277,112,28,,Approved,
1400,595,248,22,33,,Denied,
1401,57,542,207,666666,5087.87,Pending,
1402,383,336,777777,67,3101.45,Approved,
1403,190,476,777777,57,5273.45,Denied,
1404,376,446,151,99,3186.01,In Progress,
1405,507,506,12,44,955.67,In Progress,
1406,369,888888,209,91,8264.79,Denied,
1407,141,192,89,98,,Denied,
1408,628,888888,98,23,5141.09,Approved,
1409,624,461,353,10,,Pending,
1410,749,228,163,86,4619.76,Denied,Urgent payout requested
1411,999999,226,91,16,2609.14,Denied,
1412,530,393,110,92,-500.0,Approved,
1413,503,347,180,82,2120.42,Pending,Urgent payout requested
1414,205,305,240,62,,Approved,
1415,793,445,275,41,3624.77,Approved,Urgent payout requested
1416,442,365,323,39,-500.0,Pending,
1417,354,502,326,29,382.47,Approved,Urgent payout requested
1418,772,888888,271,42,9316.24,Denied,
1419,653,130,269,666666,8556.87,Approved,
1420,545,479,777777,53,6278.21,Denied,
1421,25,325,777777,51,1081.53,Pending,
1422,791,362,50,47,-500.0,Denied,
1423,576,534,311,52,-500.0,Approved,
1424,382,541,15,78,734.92,Approved,Urgent payout requested
1425,999999,468,41,2,7319.4,Denied,
1426,658,120,208,46,1769.93,In Progress,
1427,62,400,192,7,-500.0,Approved,
1428,999999,494,313,54,203.99,Denied,
1429,342,156,283,52,-500.0,Pending,
1430,620,305,230,91,,Pending,
1431,710,135,127,86,-500.0,Pending,
1432,33,486,777777,32,3466.9,Denied,
1433,999999,144,93,16,2476.92,Approved,
1434,307,521,289,79,,Pending,
1435,333,420,129,92,-500.0,Approved,
1436,454,888888,41,100,7397.63,Pending,
1437,405,215,35,666666,7925.48,Pending,
1438,781,466,334,3,759.66,Pending,Urgent payout requested
1439,548,888888,11,45,6857.54,Denied,
1440,371,195,281,14,1155.37,In Progress,
1441,368,300,2,57,9593.71,Pending,Urgent payout requested
1442,198,263,777777,14,3642.99,Approved,
1443,285,7,211,58,-500.0,Denied,
1444,999999,394,67,89,6336.38,Denied,
1445,999999,114,46,25,3026.23,Denied,
1446,772,289,333,71,182.49,In Progress,
1447,800,24,777777,57,8517.14,Pending,
1448,683,531,169,36,5403.34,In Progress,
1449,136,166,248,57,,Pending,
1450,133,99,28,71,4293.22,Denied,Urgent payout requested
1451,130,888888,230,23,5947.22,Pending,
1452,261,278,63,45,,Pending,
1453,416,451,153,63,,Approved,
1454,777,888888,213,2,2165.1,Denied,
1455,205,888888,10,14,6860.63,Pending,
1456,999999,340,178,57,9975.62,Approved,
1457,472,245,108,44,6914.58,Pending,Urgent payout requested
1458,999999,319,215,67,5249.99,Pending,
1459,170,166,114,43,3432.8,In Progress,
1460,459,457,334,34,,Pending,
1461,999999,236,131,67,4972.3,Approved,
1462,489,10,271,44,8829.18,Pending,Urgent payout requested
1463,746,344,84,18,1906.02,In Progress,
1464,999999,47,157,5,220.88,Approved,
1465,678,288,25,18,1958.65,Pending,Urgent payout requested
1466,656,216,777777,71,3792.06,Approved,
1467,34,56,50,666666,3207.34,Pending,
1468,999999,204,194,52,4213.47,Denied,
1469,417,347,193,65,-500.0,Denied,
1470,621,492,356,70,-500.0,Pending,
1471,226,318,162,38,7284.94,In Progress,
1472,611,888888,255,64,1979.91,Denied,
1473,160,215,258,666666,6508.49,Pending,
1474,112,408,205,54,2372.84,In Progress,
1475,525,36,42,78,-500.0,Denied,
1476,389,523,152,23,6095.35,Denied,Urgent payout requested
1477,6,365,133,87,-500.0,Approved,
1478,691,267,220,5,3775.33,Denied,Urgent payout requested
1479,407,362,93,13,9289.43,Denied,Urgent payout requested
1480,701,281,777777,77,4634.43,Approved,
1481,104,206,128,666666,2680.94,Denied,
1482,169,222,155,666666,6700.43,Denied,
1483,999999,112,355,43,5365.73,Approved,
1484,54,307,206,666666,459.82,Pending,
1485,459,419,187,95,-500.0,Denied,
1486,172,888888,281,73,6865.66,Approved,
1487,265,100,196,666666,4909.01,Pending,
1488,596,210,301,66,1582.32,In Progress,
1489,999999,104,330,37,5994.57,Denied,
1490,772,347,334,82,,Pending,
1491,532,231,42,666666,7047.78,Pending,
1492,459,271,230,34,5289.31,Denied,Urgent payout requested
1493,205,135,235,1,-500.0,Approved,
1494,414,260,59,666666,6665.33,Approved,
1495,771,511,43,86,,Denied,
1496,731,117,117,44,7228.8,Pending,Urgent payout requested
1497,275,888888,140,45,864.73,Approved,
1498,736,548,164,82,-500.0,Approved,
1499,493,296,200,22,890.98,In Progress,
1500,455,318,152,4,3642.96,In Progress,
1501,537,337,290,65,6470.91,Approved,Urgent payout requested
1502,31,888888,121,7,3522.06,Pending,
1503,230,90,291,72,,Approved,
1504,319,184,206,33,461.37,In Progress,
1505,556,368,342,34,6582.27,Pending,Urgent payout requested
1506,183,410,117,100,,Denied,
1507,525,74,284,2,,Denied,
1508,275,133,297,95,3654.44,Pending,Urgent payout requested
1509,614,19,165,666666,2859.12,Approved,
1510,278,154,777777,96,5329.58,Approved,
1511,583,513,273,666666,5077.01,Denied,
1512,638,888888,215,69,2897.53,Pending,
1513,78,180,77,666666,2454.82,Pending,
1514,36,359,330,78,,Denied,
1515,723,402,238,19,1517.65,In Progress,
1516,999999,277,108,92,3877.38,Approved,
1517,531,547,30,61,-500.0,Denied,
1518,443,166,777777,80,2873.86,Pending,
1519,310,516,23,666666,7410.72,Approved,
1520,262,888888,137,16,3815.92,Pending,
1521,527,251,323,66,,Pending,
1522,126,446,258,55,3451.8,Denied,Urgent payout requested
1523,451,888888,171,78,2385.08,Approved,
1524,999999,462,173,99,8008.86,Pending,
1525,999999,233,201,83,9328.29,Pending,
1526,129,388,12,666666,2554.2,Pending,
1527,115,381,225,93,8801.77,In Progress,
1528,758,194,274,51,,Pending,
1529,691,224,41,666666,4726.34,Pending,
1530,330,22,146,59,9564.7,In Progress,
1531,41,258,777777,53,3094.54,Denied,
1532,445,400,354,666666,3916.2,Approved,
1533,200,117,317,27,1515.3,In Progress,
1534,181,216,146,8,-500.0,Approved,
1535,59,237,305,63,7520.66,In Progress,
1536,999999,310,276,83,4515.17,Pending,
1537,511,48,777777,97,1826.88,Approved,
1538,999999,459,292,90,8137.34,Pending,
1539,758,507,242,81,,Denied,
1540,83,184,67,77,5937.59,In Progress,
1541,634,159,35,4,,Denied,
1542,763,293,243,42,,Pending,
1543,678,330,242,7,-500.0,Pending,
1544,83,232,80,666666,5431.7,Approved,
1545,594,433,160,96,6269.75,In Progress,
1546,792,444,115,72,,Pending,
1547,999999,20,351,92,2259.24,Approved,
1548,241,445,234,666666,7497.11,Approved,
1549,72,307,32,666666,2910.18,Pending,
1550,79,296,777777,47,963.6,Pending,
1551,549,111,57,666666,6487.57,Approved,
1552,717,296,78,85,8007.61,In Progress,
1553,169,242,777777,9,4955.27,Pending,
1554,731,536,108,75,,Approved,
1555,66,40,287,88,-500.0,Pending,
1556,8,493,118,21,1564.4,Approved,Urgent payout requested
1557,308,888888,122,67,8029.07,Approved,
1558,274,888888,261,1,9470.5,Approved,
1559,780,888888,78,33,3458.97,Denied,
1560,142,274,777777,77,1011.88,Denied,
1561,563,270,256,61,528.94,In Progress,
1562,520,195,29,11,6069.62,Denied,Urgent payout requested
1563,71,96,150,2,6448.23,Pending,Urgent payout requested
1564,788,180,159,31,9012.7,In Progress,
1565,309,148,24,666666,3288.06,Pending,
1566,209,888888,193,8,7649.55,Denied,
1567,289,68,240,666666,7953.43,Denied,
1568,690,425,354,12,4743.38,Denied,Urgent payout requested
1569,719,888888,214,73,1340.84,Approved,
1570,175,505,364,47,,Approved,
1571,96,317,25,9,7251.78,In Progress,
1572,353,184,25,28,-500.0,Approved,
1573,491,424,83,72,-500.0,Denied,
1574,328,888888,264,65,358.84,Approved,
1575,624,427,187,4,,Pending,
1576,383,45,777777,65,6467.82,Pending,
1577,674,90,8,61,,Approved,
1578,778,290,108,62,8413.0,Pending,Urgent payout requested
1579,573,452,65,43,3926.72,In Progress,
1580,999999,535,152,33,1245.03,Approved,
1581,999999,56,350,23,9231.45,Approved,
1582,492,489,777777,2,1505.36,Approved,
1583,556,143,170,666666,8066.26,Approved,
1584,179,480,343,40,918.53,Denied,Urgent payout requested
1585,55,521,104,68,,Denied,
1586,271,888888,52,49,3184.88,Denied,
1587,226,312,58,75,7180.25,In Progress,
1588,315,355,162,666666,4580.84,Denied,
1589,642,303,120,93,,Approved,
1590,279,17,777777,28,6697.11,Pending,
1591,561,84,777777,65,3667.18,Pending,
1592,242,352,777777,1,1341.77,Approved,
1593,549,35,306,94,-500.0,Denied,
1594,999999,258,123,100,4487.93,Approved,
1595,219,69,315,666666,8730.26,Pending,
1596,759,362,207,44,,Denied,
1597,999999,141,327,2,5360.7,Denied,
1598,558,305,254,97,9540.96,In Progress,
1599,461,888888,109,9,8598.55,Pending,
1600,406,334,280,10,-500.0,Denied,
1601,262,888888,323,15,1755.69,Approved,
1602,42,465,260,76,,Denied,
1603,6,461,39,666666,8035.57,Pending,
1604,999999,62,16,13,5659.94,Pending,
1605,795,113,124,666666,3159.1,Pending,
1606,999999,180,189,13,3658.07,Pending,
1607,632,476,104,42,1107.14,In Progress,
1608,560,888888,95,13,9359.64,Approved,
1609,24,49,69,5,3196.59,Approved,Urgent payout requested
1610,726,343,43,70,,Denied,
1611,655,888888,75,24,5650.3,Pending,
1612,14,544,252,76,3782.55,Pending,Urgent payout requested
1613,721,530,777777,93,8710.64,Approved,
1614,84,39,82,91,8065.3,In Progress,
1615,114,888888,72,75,8729.32,Pending,
1616,75,888888,120,93,9406.3,Pending,
1617,293,503,333,60,5955.49,Approved,Urgent payout requested
1618,659,427,102,79,,Approved,
1619,355,378,188,11,,Denied,
1620,258,364,97,92,,Approved,
1621,297,225,777777,33,2797.26,Approved,
1622,581,888888,354,19,3952.65,Denied,
1623,299,226,345,31,-500.0,Approved,
1624,270,12,312,19,,Approved,
1625,559,109,4,88,-500.0,Approved,
1626,119,307,252,2,3508.91,Pending,Urgent payout requested
1627,551,888888,37,22,8533.57,Approved,
1628,519,313,777777,95,2419.35,Approved,
1629,219,309,777777,34,9042.99,Denied,
1630,22,528,118,19,-500.0,Pending,
1631,404,83,777777,30,6564.14,Pending,
1632,701,528,15,69,4956.77,Approved,Urgent payout requested
1633,125,315,115,49,3552.05,In Progress,
1634,547,313,267,56,8186.53,Approved,Urgent payout requested
1635,182,54,86,27,2074.13,In Progress,
1636,999999,130,32,62,3190.65,Denied,
1637,144,489,777777,89,381.28,Denied,
1638,352,332,93,79,,Pending,
1639,170,242,127,93,-500.0,Pending,
1640,517,363,144,83,,Pending,
1641,334,96,121,33,6628.02,In Progress,
1642,486,231,326,63,,Denied,
1643,601,266,144,85,-500.0,Approved,
1644,740,207,152,19,7620.4,In Progress,
1645,74,888888,49,53,2400.39,Denied,
1646,449,194,777777,93,4773.68,Approved,
1647,330,356,354,97,-500.0,Denied,
1648,272,118,181,83,-500.0,Denied,
1649,572,58,231,96,9160.89,In Progress,
1650,148,194,777777,80,4199.4,Approved,
1651,720,108,133,82,1152.73,In Progress,
1652,786,459,777777,36,6611.13,Denied,
1653,422,358,777777,75,7560.77,Approved,
1654,999999,500,98,55,9832.92,Denied,
1655,426,296,104,100,3800.31,Approved,Urgent payout requested
1656,115,186,150,13,4001.98,Approved,Urgent payout requested
1657,62,888888,169,78,5351.42,Approved,
1658,176,402,77,28,2473.3,In Progress,
1659,414,888888,164,89,9431.24,Denied,
1660,489,271,150,666666,6071.61,Denied,
1661,999999,234,74,42,1083.77,Approved,
1662,306,48,260,22,,Denied,
1663,633,217,352,666666,5892.85,Denied,
1664,287,487,777777,77,3702.06,Pending,
1665,399,168,167,666666,2981.46,Pending,
1666,137,424,42,59,9552.57,In Progress,
1667,420,490,46,8,-500.0,Approved,
1668,423,397,113,57,-500.0,Approved,
1669,719,888888,230,84,9881.13,Pending,
1670,69,306,250,34,,Approved,
1671,787,287,116,666666,8929.39,Denied,
1672,603,468,52,77,6990.21,Approved,Urgent payout requested
1673,409,154,126,35,,Pending,
1674,772,411,20,29,482.28,In Progress,
1675,213,222,285,82,5859.77,Approved,Urgent payout requested
1676,513,503,105,666666,6676.76,Denied,
1677,227,190,56,10,-500.0,Denied,
1678,760,394,197,19,6462.83,Pending,Urgent payout requested
1679,449,226,777777,43,1259.75,Approved,
1680,703,474,777777,28,3070.96,Denied,
1681,3,888888,151,80,4538.66,Pending,
1682,468,168,120,75,-500.0,Denied,
1683,398,422,360,20,9703.22,Approved,Urgent payout requested
1684,999999,136,202,73,5442.86,Denied,
1685,999999,438,251,94,4584.05,Denied,
1686,639,385,118,50,8649.63,Approved,Urgent payout requested
1687,245,413,777777,2,7925.02,Denied,
1688,377,12,5,33,-500.0,Denied,
1689,727,201,119,66,,Pending,
1690,101,68,163,59,9169.1,In Progress,
1691,5,481,7,666666,9854.45,Denied,
1692,127,529,192,666666,4201.06,Approved,
1693,437,268,88,6,5567.46,In Progress,
1694,575,888888,88,19,9067.42,Approved,
1695,302,398,777777,56,9727.03,Denied,
1696,95,485,185,666666,5659.08,Denied,
1697,999999,414,255,46,8162.14,Denied,
1698,999999,543,101,26,7565.97,Approved,
1699,690,535,13,34,-500.0,Pending,
1700,192,405,777777,77,4606.32,Denied,
1701,459,888888,86,38,4497.97,Denied,
1702,57,468,165,4,,Approved,
1703,771,137,777777,56,8496.11,Denied,
1704,146,423,305,59,-500.0,Denied,
1705,514,80,220,90,4156.91,Approved,Urgent payout requested
1706,238,118,24,93,384.48,Approved,Urgent payout requested
1707,583,483,206,61,,Pending,
1708,54,184,8,666666,346.42,Approved,
1709,316,134,777777,28,1750.85,Approved,
1710,328,186,16,19,6063.97,In Progress,
1711,267,345,361,84,-500.0,Pending,
1712,152,24,185,22,,Pending,
1713,591,259,41,666666,8851.86,Pending,
1714,342,268,82,45,-500.0,Denied,
1715,999999,399,213,41,7192.67,Pending,
1716,432,311,166,78,358.56,In Progress,
1717,418,152,316,66,8108.28,Denied,Urgent payout requested
1718,157,61,340,94,-500.0,Pending,
1719,294,202,208,2,1101.47,In Progress,
1720,523,513,271,47,5817.29,Denied,Urgent payout requested
1721,41,22,307,54,-500.0,Pending,
1722,566,888888,242,29,807.47,Denied,
1723,593,61,50,666666,6602.95,Approved,
1724,260,435,315,70,634.25,Denied,Urgent payout requested
1725,528,322,14,69,1974.89,In Progress,
1726,999999,472,317,62,7898.7,Denied,
1727,688,512,777777,43,7217.34,Pending,
1728,999999,258,296,24,4570.11,Approved,
1729,583,474,253,94,,Pending,
1730,32,259,132,12,6710.2,In Progress,
1731,669,888888,352,94,6485.79,Pending,
1732,999999,309,5,16,8242.24,Approved,
1733,145,15,357,666666,8721.51,Pending,
1734,999999,385,357,23,9089.52,Approved,
1735,266,498,35,68,6193.38,In Progress,
1736,96,66,225,37,6483.14,Denied,Urgent payout requested
1737,323,888888,87,29,7047.52,Approved,
1738,112,342,36,54,-500.0,Approved,
1739,182,287,77,29,1246.45,Pending,Urgent payout requested
1740,587,158,243,666666,8122.02,Pending,
1741,999999,474,25,36,2361.4,Pending,
1742,725,888888,171,6,9107.72,Pending,
1743,127,460,251,666666,2182.16,Approved,
1744,579,503,135,666666,1257.66,Approved,
1745,199,6,53,86,,Denied,
1746,565,135,315,17,5093.42,In Progress,
1747,149,78,115,98,,Denied,
1748,260,330,22,666666,2244.13,Pending,
1749,17,509,318,666666,3057.41,Approved,
1750,143,516,97,59,-500.0,Denied,
1751,142,379,315,15,4472.07,In Progress,
1752,999999,344,278,43,3898.03,Pending,
1753,123,389,331,666666,9452.03,Denied,
1754,201,304,226,666666,8170.28,Denied,
1755,764,98,777777,18,8418.74,Denied,
1756,326,162,777777,16,452.55,Pending,
1757,218,81,57,51,3408.45,Denied,Urgent payout requested
1758,735,888888,228,79,7568.53,Approved,
1759,75,117,312,17,-500.0,Pending,
1760,9,277,777777,22,5554.47,Pending,
1761,642,186,777777,33,6238.02,Denied,
1762,297,364,777777,6,3303.01,Denied,
1763,616,527,356,81,,Denied,
1764,314,888888,281,75,4803.04,Pending,
1765,637,312,144,99,,Denied,
1766,150,888888,18,75,5753.74,Denied,
1767,50,354,330,87,,Pending,
1768,192,1,255,99,,Approved,
1769,999999,516,169,12,2375.32,Approved,
1770,212,208,239,50,4543.29,In Progress,
1771,578,888888,70,75,3598.85,Pending,
1772,999999,148,230,90,5920.6,Approved,
1773,147,888888,128,29,1485.03,Denied,
1774,790,888888,41,39,4282.12,Denied,
1775,182,141,66,13,-500.0,Approved,
1776,763,334,777777,39,2788.42,Pending,
1777,16,150,153,87,-500.0,Pending,
1778,19,73,274,50,1026.74,Approved,Urgent payout requested
1779,105,253,249,62,6815.6,Pending,Urgent payout requested
1780,238,888888,325,80,6344.26,Approved,
1781,650,404,229,2,1983.96,In Progress,
1782,59,888888,125,6,6384.76,Pending,
1783,10,291,11,39,1115.67,Approved,Urgent payout requested
1784,570,888888,363,55,9931.04,Approved,
1785,205,410,141,9,-500.0,Approved,
1786,161,17,123,666666,920.9,Approved,
1787,550,888888,235,55,4442.44,Denied,
1788,999999,514,344,99,2092.32,Approved,
1789,782,155,292,5,-500.0,Pending,
1790,417,520,98,46,,Pending,
1791,705,538,18,666666,765.69,Denied,
1792,116,528,30,61,7861.82,In Progress,
1793,488,234,67,80,2738.72,Denied,Urgent payout requested
1794,552,888888,157,12,9693.26,Denied,
1795,162,342,15,99,5130.87,In Progress,
1796,244,145,136,666666,6360.63,Pending,
1797,585,443,157,81,9747.42,Pending,Urgent payout requested
1798,695,888888,77,28,2566.34,Approved,
1799,999999,169,85,78,6527.67,Approved,
1800,142,888888,202,1,812.0,Denied,
1801,414,21,203,46,5926.05,Approved,Urgent payout requested
1802,259,380,777777,4,7241.94,Denied,
1803,683,537,196,22,-500.0,Denied,
1804,205,284,322,29,-500.0,Pending,
1805,160,348,25,72,1935.5,In Progress,
1806,86,888888,244,35,4414.67,Denied,
1807,60,305,137,666666,1174.7,Approved,
1808,323,385,217,20,,Denied,
1809,263,414,127,39,,Pending,
1810,450,165,238,40,,Denied,
1811,999999,224,112,10,6205.59,Denied,
1812,999999,291,193,62,3860.37,Pending,
1813,505,888888,247,94,9118.85,Approved,
1814,791,181,87,33,-500.0,Denied,
1815,181,504,212,82,7726.8,In Progress,
1816,773,888888,219,19,9754.4,Approved,
1817,732,473,312,58,-500.0,Denied,
1818,597,320,20,89,-500.0,Pending,
1819,182,470,206,45,,Pending,
1820,302,38,218,72,4774.8,In Progress,
1821,332,534,258,51,-500.0,Pending,
1822,31,388,777777,21,4655.44,Denied,
1823,402,199,358,666666,7869.04,Pending,
1824,325,72,777777,24,3429.24,Approved,
1825,132,515,248,4,5061.6,Denied,Urgent payout requested
1826,785,496,59,666666,4261.26,Pending,
1827,142,17,78,666666,6667.74,Approved,
1828,129,504,205,4,-500.0,Approved,
1829,214,484,304,70,3377.41,In Progress,
1830,207,336,116,38,3717.68,In Progress,
1831,603,20,185,666666,5494.99,Pending,
1832,225,363,777777,78,1465.68,Approved,
1833,41,59,162,36,,Pending,
1834,751,409,777777,83,7664.72,Approved,
1835,570,888888,297,6,3225.62,Approved,
1836,999999,516,173,11,9945.16,Pending,
1837,167,159,251,48,-500.0,Approved,
1838,422,400,341,52,8199.86,In Progress,
1839,538,96,777777,33,5108.32,Denied,
1840,445,888888,247,92,5564.1,Denied,
1841,692,193,777777,50,7429.7,Approved,
1842,248,888888,194,29,3947.35,Pending,
1843,292,202,239,37,,Approved,
1844,239,888888,73,83,4359.15,Denied,
1845,350,406,777777,56,1178.42,Denied,
1846,409,888888,2,53,6002.92,Denied,
1847,688,59,225,666666,5162.78,Denied,
1848,29,78,279,666666,1660.02,Pending,
1849,99,292,322,96,4763.61,Approved,Urgent payout requested
1850,300,30,234,20,6025.78,In Progress,
1851,509,208,58,666666,8255.47,Pending,
1852,640,313,191,51,-500.0,Approved,
1853,487,888888,335,48,3976.47,Pending,
1854,201,434,152,72,,Approved,
1855,684,402,777777,67,1152.87,Denied,
1856,478,363,777777,45,2050.35,Approved,
1857,649,435,232,92,5823.34,Pending,Urgent payout requested
1858,659,135,42,68,-500.0,Denied,
1859,193,22,322,17,2344.03,Approved,Urgent payout requested
1860,413,888888,47,77,4003.49,Pending,
1861,798,512,296,27,4563.29,Pending,Urgent payout requested
1862,697,393,299,47,9083.86,Denied,Urgent payout requested
1863,999999,547,346,11,9353.03,Denied,
1864,273,40,222,75,1166.4,Pending,Urgent payout requested
1865,791,353,45,666666,8053.6,Denied,
1866,224,290,30,36,-500.0,Approved,
1867,36,104,94,666666,4389.7,Denied,
1868,999999,167,233,99,7902.8,Pending,
1869,999999,180,195,23,9232.14,Denied,
1870,67,423,90,67,-500.0,Denied,
1871,773,130,23,6,4362.25,Pending,Urgent payout requested
1872,162,433,62,59,-500.0,Denied,
1873,654,309,240,93,-500.0,Approved,
1874,162,217,777777,87,7507.39,Denied,
1875,300,81,142,49,-500.0,Denied,
1876,360,44,221,666666,6435.09,Pending,
1877,356,170,170,71,,Approved,
1878,267,336,241,666666,6979.78,Pending,
1879,547,344,94,80,,Approved,
1880,19,395,348,45,6277.28,Denied,Urgent payout requested
1881,314,119,140,39,-500.0,Approved,
1882,520,3,147,666666,9458.74,Approved,
1883,752,888888,35,23,9251.6,Approved,
1884,742,440,269,54,,Pending,
1885,678,124,313,63,-500.0,Approved,
1886,445,496,76,666666,2428.6,Denied,
1887,714,352,777777,65,9800.23,Denied,
1888,619,3,346,666666,6359.09,Approved,
1889,999999,426,280,46,8182.13,Approved,
1890,433,418,84,90,,Approved,
1891,999999,386,351,9,372.99,Approved,
1892,22,888888,293,4,9273.6,Approved,
1893,497,888888,272,38,5516.09,Pending,
1894,407,7,345,97,9844.32,In Progress,
1895,267,888888,8,39,9909.74,Denied,
1896,213,319,146,40,8002.09,Pending,Urgent payout requested
1897,378,386,198,666666,984.45,Pending,
1898,191,90,88,29,9879.81,In Progress,
1899,636,383,59,2,9178.13,Pending,Urgent payout requested
1900,394,85,100,666666,1432.69,Approved,
1901,348,515,3,91,9738.57,In Progress,
1902,388,488,18,87,-500.0,Denied,
1903,999999,118,115,80,8465.54,Pending,
1904,696,64,10,78,-500.0,Pending,
1905,999999,482,308,24,8612.94,Pending,
1906,11,278,777777,17,966.57,Pending,
1907,600,63,180,99,-500.0,Approved,
1908,81,450,180,51,8702.99,In Progress,
1909,191,282,81,14,,Denied,
1910,717,255,777777,67,1336.11,Approved,
1911,595,888888,93,21,2719.45,Approved,
1912,261,270,777777,4,4378.02,Approved,
1913,588,182,66,89,1429.34,Pending,Urgent payout requested
1914,395,285,198,70,752.06,In Progress,
1915,357,346,302,89,1276.35,In Progress,
1916,77,118,248,666666,1787.56,Denied,
1917,754,63,177,100,,Approved,
1918,540,40,212,71,,Denied,
1919,539,888888,103,15,3467.36,Pending,
1920,453,201,777777,20,1634.29,Approved,
1921,476,61,777777,96,4364.97,Pending,
1922,595,192,245,41,354.78,In Progress,
1923,491,161,1,666666,7027.23,Pending,
1924,999999,74,225,9,1519.61,Approved,
1925,492,53,360,666666,4368.14,Approved,
1926,501,95,354,50,,Denied,
1927,155,149,150,666666,884.68,Approved,
1928,999999,100,274,3,2144.13,Pending,
1929,999999,20,297,98,957.89,Pending,
1930,653,126,122,74,-500.0,Denied,
1931,338,254,347,12,778.38,In Progress,
1932,236,55,119,62,888.77,Pending,Urgent payout requested
1933,147,532,92,61,-500.0,Denied,
1934,216,42,73,39,8548.79,Pending,Urgent payout requested
1935,687,409,12,65,,Approved,
1936,760,496,235,87,6204.55,In Progress,
1937,736,472,777777,59,6102.58,Denied,
1938,999999,383,301,32,6215.58,Approved,
1939,537,331,35,40,2335.27,Pending,Urgent payout requested
1940,643,268,276,33,-500.0,Denied,
1941,999999,368,144,33,9459.98,Pending,
1942,211,267,777777,33,1834.55,Pending,
1943,340,66,270,2,-500.0,Approved,
1944,455,99,777777,1,6677.59,Denied,
1945,250,83,309,666666,8367.64,Pending,
1946,295,407,6,90,5635.23,In Progress,
1947,999999,257,254,64,9735.6,Denied,
1948,999999,122,231,96,7959.59,Pending,
1949,378,195,141,17,-500.0,Approved,
1950,12,122,78,55,1230.41,Pending,Urgent payout requested
1951,262,292,298,54,-500.0,Approved,
1952,430,91,177,666666,6811.0,Approved,
1953,295,888888,315,92,287.03,Approved,
1954,285,350,307,15,6941.07,In Progress,
1955,245,26,356,49,,Approved,
1956,118,491,140,84,7839.51,In Progress,
1957,328,166,210,35,-500.0,Denied,
1958,614,888888,196,8,7176.42,Pending,
1959,500,204,297,89,342.26,Pending,Urgent payout requested
1960,999999,198,274,44,6573.9,Pending,
1961,166,280,777777,27,6702.09,Pending,
1962,117,242,116,666666,784.89,Pending,
1963,761,888888,101,35,1420.5,Approved,
1964,426,225,183,45,1320.72,Pending,Urgent payout requested
1965,565,529,337,25,9294.62,Denied,Urgent payout requested
1966,162,55,118,40,-500.0,Denied,
1967,515,526,348,71,-500.0,Denied,
1968,756,888888,320,93,4312.15,Denied,
1969,364,888888,112,94,7918.36,Approved,
1970,19,209,250,666666,4382.67,Pending,
1971,307,380,137,89,,Denied,
1972,428,403,305,67,5956.9,In Progress,
1973,999999,222,264,21,1969.35,Pending,
1974,6,31,51,10,6511.68,Pending,Urgent payout requested
1975,999999,117,98,84,5720.42,Pending,
1976,747,18,19,666666,6978.13,Denied,
1977,643,350,85,666666,6689.41,Pending,
1978,684,127,25,53,-500.0,Denied,
1979,596,111,221,666666,6804.41,Approved,
1980,607,341,17,70,-500.0,Denied,
1981,999999,318,152,6,6476.33,Denied,
1982,363,888888,62,31,5174.67,Pending,
1983,602,472,33,38,3939.41,In Progress,
1984,999999,321,209,46,8587.02,Approved,
1985,999999,418,3,85,9546.25,Approved,
1986,344,151,48,94,5028.41,In Progress,
1987,109,121,90,72,-500.0,Pending,
1988,254,29,166,90,834.54,Approved,Urgent payout requested
1989,88,19,329,46,5257.3,Denied,Urgent payout requested
1990,641,430,27,86,7110.84,In Progress,
1991,250,223,303,5,2630.29,Pending,Urgent payout requested
1992,414,888888,173,68,7288.6,Approved,
1993,659,395,777777,36,5109.37,Pending,
1994,265,413,245,27,,Approved,
1995,43,229,4,666666,2796.92,Approved,
1996,684,415,121,20,2915.81,In Progress,
1997,375,254,331,96,8328.77,In Progress,
1998,649,539,46,81,,Approved,
1999,112,92,301,18,3505.16,Approved,Urgent payout requested
2000,680,888888,275,14,5000.92,Pending,
2001,999999,311,179,50,4219.42,Denied,
2002,999999,46,20,64,6353.6,Pending,
2003,656,888888,234,25,7068.28,Approved,
2004,242,383,165,666666,3580.09,Denied,
2005,759,888888,79,17,6842.28,Pending,
2006,470,888888,19,50,658.29,Denied,
2007,795,2,47,74,-500.0,Denied,
2008,622,888888,285,48,1071.73,Approved,
2009,99,380,153,666666,661.51,Denied,
2010,344,446,777777,1,2575.2,Pending,
2011,278,279,161,77,9069.91,Pending,Urgent payout requested
2012,474,370,220,48,9148.95,In Progress,
2013,252,299,777777,3,9837.77,Pending,
2014,137,184,14,79,-500.0,Approved,
2015,366,888888,221,62,1733.47,Pending,
2016,175,24,76,13,7480.0,In Progress,
2017,796,190,304,6,3075.54,In Progress,
2018,192,26,777777,67,3041.45,Approved,
2019,475,467,263,94,-500.0,Denied,
2020,686,246,77,58,2158.45,Pending,Urgent payout requested
2021,232,323,51,64,-500.0,Denied,
2022,514,456,777777,60,5820.99,Pending,
2023,214,373,777777,21,5381.77,Approved,
2024,999999,349,162,16,2775.51,Denied,
2025,432,888888,123,37,5521.27,Approved,
2026,241,3,263,70,,Denied,
2027,437,888888,61,84,9291.87,Denied,
2028,756,158,354,666666,593.09,Pending,
2029,593,197,255,32,,Denied,
2030,104,335,9,666666,5338.89,Approved,
2031,207,348,148,67,,Denied,
2032,643,329,339,666666,6488.72,Pending,
2033,353,245,24,62,8478.61,Denied,Urgent payout requested
2034,999999,515,312,8,5572.49,Denied,
2035,321,888888,51,46,8258.7,Approved,
2036,316,31,235,24,3687.73,Denied,Urgent payout requested
2037,693,55,777777,16,1856.36,Pending,
2038,22,247,104,666666,4335.37,Approved,
2039,557,231,19,39,-500.0,Approved,
2040,30,276,153,45,,Pending,
2041,644,888888,14,50,4006.73,Approved,
2042,999999,219,318,3,4287.56,Denied,
2043,318,128,777777,54,8673.25,Denied,
2044,505,461,777777,25,495.25,Denied,
2045,999999,303,214,25,9996.74,Approved,
2046,83,217,358,10,,Approved,
2047,999999,128,350,16,9645.8,Approved,
2048,556,501,98,61,,Pending,
2049,35,457,256,95,-500.0,Pending,
2050,586,413,232,666666,9178.75,Pending,
2051,999999,441,339,66,5119.86,Approved,
2052,999999,444,17,42,6014.35,Approved,
2053,546,68,93,85,,Denied,
2054,999999,276,185,7,3118.36,Pending,
2055,287,386,265,80,6053.14,Denied,Urgent payout requested
2056,999999,252,145,66,2556.57,Denied,
2057,999999,183,265,48,225.64,Denied,
2058,683,378,145,67,,Approved,
2059,37,210,116,24,-500.0,Approved,
2060,738,139,337,49,,Denied,
2061,114,503,777777,30,3613.0,Pending,
2062,373,363,177,7,-500.0,Pending,
2063,721,888888,193,87,9362.75,Approved,
2064,164,396,71,666666,3028.91,Approved,
2065,507,489,362,98,-500.0,Denied,
2066,89,17,21,666666,628.25,Approved,
2067,283,888888,165,26,6598.13,Denied,
2068,539,368,137,52,1482.6,Approved,Urgent payout requested
2069,347,220,227,12,-500.0,Pending,
2070,7,372,119,666666,4473.72,Denied,
2071,999999,395,107,29,5016.92,Denied,
2072,315,76,31,80,,Approved,
2073,173,257,12,23,9145.87,In Progress,
2074,461,474,15,49,3952.26,In Progress,
2075,383,888888,242,98,5485.99,Denied,
2076,114,100,258,17,3175.35,In Progress,
2077,96,888888,90,95,9958.58,Denied,
2078,788,888888,364,10,6257.64,Approved,
2079,485,89,222,26,-500.0,Denied,
2080,646,428,151,68,-500.0,Pending,
2081,649,157,121,50,6930.52,In Progress,
2082,463,316,157,12,,Denied,
2083,605,477,109,31,2037.52,Approved,Urgent payout requested
2084,48,228,777777,66,7073.2,Approved,
2085,999999,160,31,64,2992.47,Denied,
2086,285,888888,200,40,8801.82,Pending,
2087,393,268,132,62,-500.0,Denied,
2088,256,101,8,11,796.35,In Progress,
2089,170,76,777777,81,1023.49,Pending,
2090,554,546,84,666666,2034.55,Pending,
2091,999999,34,337,66,5571.32,Approved,
2092,152,243,777777,48,807.88,Pending,
2093,728,888888,166,23,7228.86,Pending,
2094,371,461,108,3,-500.0,Denied,
2095,58,888888,335,97,2224.47,Approved,
2096,482,888888,97,62,660.83,Approved,
2097,81,888888,115,24,4445.49,Denied,
2098,726,352,141,88,-500.0,Denied,
2099,453,238,329,666666,2018.45,Approved,
2100,347,269,234,65,-500.0,Denied,
2101,381,76,777777,54,9323.76,Denied,
2102,652,888888,75,57,7853.04,Denied,
2103,158,79,111,99,4398.31,Approved,Urgent payout requested
2104,96,312,82,62,8811.42,In Progress,
2105,622,291,103,666666,9468.02,Pending,
2106,724,325,197,11,-500.0,Denied,
2107,561,16,777777,43,8571.57,Approved,
2108,744,888888,7,67,6681.02,Pending,
2109,788,164,239,3,-500.0,Denied,
2110,713,39,316,666666,4684.12,Pending,
2111,338,82,52,29,,Denied,
2112,680,536,266,59,7436.88,Denied,Urgent payout requested
2113,268,124,249,666666,766.67,Denied,
2114,484,51,295,666666,5307.03,Denied,
2115,505,548,61,43,7341.59,In Progress,
2116,24,207,777777,72,1544.94,Pending,
2117,480,888888,34,8,8711.88,Denied,
2118,717,86,777777,86,9407.7,Denied,
2119,92,109,284,666666,6446.15,Approved,
2120,695,502,251,69,,Pending,
2121,573,329,358,666666,2598.6,Denied,
2122,464,384,777777,59,1091.28,Denied,
2123,298,888888,99,18,1029.21,Approved,
2124,189,395,101,666666,6169.01,Pending,
2125,602,353,777777,60,9659.8,Pending,
2126,476,23,777777,6,4282.07,Denied,
2127,68,150,139,22,8856.83,In Progress,
2128,999999,532,228,98,8104.67,Pending,
2129,46,208,60,69,9031.81,Pending,Urgent payout requested
2130,402,53,2,36,5780.57,In Progress,
2131,756,433,777777,19,9616.84,Approved,
2132,800,366,227,26,,Approved,
2133,742,369,93,26,7185.69,Approved,Urgent payout requested
2134,140,42,204,56,,Denied,
2135,999999,510,9,28,2481.01,Denied,
2136,999999,262,353,48,8991.87,Pending,
2137,5,411,72,72,-500.0,Pending,
2138,453,53,297,36,6922.11,In Progress,
2139,598,306,229,18,-500.0,Approved,
2140,440,218,356,58,,Approved,
2141,276,459,1,19,1749.35,In Progress,
2142,219,454,250,73,126.78,Pending,Urgent payout requested
2143,488,888888,162,9,6708.87,Pending,
2144,703,178,146,35,2562.29,In Progress,
2145,636,223,49,666666,314.28,Approved,
2146,484,271,777777,5,5927.92,Pending,
2147,999999,270,255,19,337.17,Pending,
2148,999999,527,280,16,700.35,Denied,
2149,999999,468,155,14,8247.11,Pending,
2150,43,339,158,96,3518.15,In Progress,
2151,506,367,307,666666,5491.67,Pending,
2152,531,888888,50,71,5989.64,Denied,
2153,519,307,336,54,4449.49,In Progress,
2154,175,195,276,22,4046.08,In Progress,
2155,343,9,209,39,-500.0,Denied,
2156,714,888888,72,38,3929.76,Pending,
2157,55,418,777777,56,9131.79,Denied,
2158,27,86,222,9,6717.4,In Progress,
2159,653,277,59,91,-500.0,Approved,
2160,708,420,234,7,-500.0,Pending,
2161,24,410,333,666666,9136.74,Approved,
2162,752,186,193,12,5653.94,In Progress,
2163,749,888888,25,21,3858.83,Approved,
2164,70,36,67,76,2884.25,In Progress,
2165,600,366,153,666666,141.84,Denied,
2166,544,400,76,37,-500.0,Denied,
2167,725,504,142,23,7934.15,In Progress,
2168,504,214,269,9,8628.36,Pending,Urgent payout requested
2169,38,445,159,7,,Approved,
2170,216,454,148,37,-500.0,Denied,
2171,591,888888,224,86,6829.54,Approved,
2172,716,152,38,81,-500.0,Approved,
2173,999999,26,336,60,5627.17,Approved,
2174,448,390,306,40,,Pending,
2175,507,888888,266,25,8142.81,Pending,
2176,178,888888,113,15,7299.39,Approved,
2177,502,59,342,54,9006.89,In Progress,
2178,132,131,356,666666,4506.45,Approved,
2179,742,298,777777,7,2873.69,Pending,
2180,167,270,777777,16,2298.72,Denied,
2181,440,316,203,53,-500.0,Denied,
2182,513,44,72,666666,7347.81,Approved,
2183,213,247,253,46,3631.24,Pending,Urgent payout requested
2184,635,280,240,77,3222.91,Denied,Urgent payout requested
2185,365,429,194,666666,6633.21,Denied,
2186,407,888888,295,33,7172.8,Approved,
2187,720,888888,202,14,9177.22,Pending,
2188,13,218,155,22,-500.0,Approved,
2189,434,888888,181,96,2076.06,Approved,
2190,739,294,325,666666,1418.74,Denied,
2191,98,14,777777,3,5764.72,Approved,
2192,999999,44,172,7,8443.6,Approved,
2193,433,375,777777,10,4063.2,Approved,
2194,999999,88,117,69,4864.62,Denied,
2195,999999,469,17,74,460.03,Denied,
2196,784,262,777777,12,5474.95,Denied,
2197,37,340,777777,8,9339.34,Approved,
2198,279,382,108,15,,Denied,
2199,129,306,777777,23,6915.42,Approved,
2200,600,330,98,1,9906.5,In Progress,
2201,776,100,777777,47,9113.22,Denied,
2202,585,178,36,35,-500.0,Denied,
2203,444,401,166,666666,9101.79,Approved,
2204,48,121,45,70,,Denied,
2205,210,133,777777,71,6738.73,Approved,
2206,206,205,37,51,-500.0,Denied,
2207,482,888888,336,10,4242.36,Approved,
2208,559,124,51,666666,8657.41,Denied,
2209,999999,511,195,23,1243.51,Denied,
2210,490,888888,63,23,3811.41,Pending,
2211,359,43,186,666666,3325.06,Pending,
2212,473,230,102,12,-500.0,Approved,
2213,208,77,95,666666,3172.06,Denied,
2214,389,398,310,666666,1201.46,Approved,
2215,183,81,117,43,,Denied,
2216,782,394,40,666666,8411.85,Denied,
2217,746,888888,68,90,192.6,Pending,
2218,999999,289,232,33,3785.53,Pending,
2219,999999,64,246,4,3032.67,Approved,
2220,999999,194,121,48,2190.03,Pending,
2221,439,282,227,9,,Pending,
2222,690,4,340,58,3563.38,In Progress,
2223,345,336,262,666666,7405.69,Pending,
2224,572,385,777777,12,2067.36,Pending,
2225,786,534,313,63,,Denied,
2226,491,211,360,6,7402.67,Approved,Urgent payout requested
2227,999999,257,345,88,5335.54,Denied,
2228,397,437,227,666666,2018.38,Approved,
2229,767,183,266,89,4025.61,Approved,Urgent payout requested
2230,343,316,12,63,1267.57,In Progress,
2231,999999,295,364,26,3650.01,Pending,
2232,633,233,133,73,1695.72,In Progress,
2233,525,153,262,666666,1291.98,Denied,
2234,377,392,151,2,632.22,Pending,Urgent payout requested
2235,289,888888,238,59,9152.24,Denied,
2236,556,81,123,27,3438.46,In Progress,
2237,633,159,777777,35,9303.48,Approved,
2238,999999,46,280,52,5218.7,Approved,
2239,605,229,319,86,3954.84,In Progress,
2240,433,202,361,70,-500.0,Pending,
2241,614,141,152,75,4755.55,Pending,Urgent payout requested
2242,286,364,185,33,,Pending,
2243,197,125,326,666666,8404.91,Pending,
2244,517,888888,299,47,1911.44,Pending,
2245,529,888888,91,81,6100.53,Denied,
2246,330,292,777777,67,4660.0,Approved,
2247,619,888888,63,82,6274.89,Pending,
2248,114,233,153,52,3171.13,Denied,Urgent payout requested
2249,165,888888,278,16,5074.49,Denied,
2250,45,120,229,33,7815.82,In Progress,
2251,204,91,303,88,7879.74,Approved,Urgent payout requested
2252,665,888888,263,46,8573.59,Approved,
2253,705,269,88,94,,Approved,
2254,271,370,777777,42,9358.01,Approved,
2255,119,888888,326,14,8288.5,Denied,
2256,999999,316,192,57,9583.15,Pending,
2257,401,351,258,16,,Denied,
2258,311,470,364,6,-500.0,Denied,
2259,672,167,12,47,3830.19,In Progress,
2260,114,141,113,1,-500.0,Denied,
2261,800,247,777777,99,6333.36,Denied,
2262,85,443,94,82,7051.28,In Progress,
2263,271,33,186,47,5113.61,In Progress,
2264,239,372,777777,77,7921.91,Pending,
2265,795,367,87,21,6042.68,Pending,Urgent payout requested
2266,495,888888,187,24,6343.9,Pending,
2267,364,328,777777,41,1446.92,Approved,
2268,302,515,232,93,-500.0,Pending,
2269,191,517,353,666666,8815.71,Pending,
2270,999999,245,334,32,3724.02,Pending,
2271,999999,30,220,81,7489.09,Approved,
2272,53,4,777777,81,4460.3,Pending,
2273,365,489,97,56,-500.0,Denied,
2274,403,424,37,666666,8768.48,Pending,
2275,651,485,286,35,7416.53,Approved,Urgent payout requested
2276,290,504,122,666666,6465.19,Approved,
2277,403,250,219,67,6711.47,In Progress,
2278,396,888888,60,59,6840.26,Denied,
2279,21,342,35,666666,5361.14,Pending,
2280,340,334,96,24,5117.69,Pending,Urgent payout requested
2281,400,127,81,58,,Denied,
2282,11,252,47,38,100.53,In Progress,
2283,541,462,121,4,-500.0,Denied,
2284,604,276,777777,86,5700.97,Denied,
2285,16,888888,245,78,592.32,Denied,
2286,52,485,777777,85,6437.34,Pending,
2287,235,295,777777,54,1059.95,Denied,
2288,187,267,16,81,7931.73,In Progress,
2289,56,117,283,47,,Approved,
2290,527,234,180,666666,1986.66,Approved,
2291,653,332,777777,82,8407.12,Approved,
2292,131,151,106,666666,2702.66,Approved,
2293,30,492,112,666666,4933.55,Denied,
2294,479,13,288,85,,Denied,
2295,439,55,31,44,,Denied,
2296,364,888888,277,12,2368.21,Pending,
2297,23,100,151,85,7278.92,Approved,Urgent payout requested
2298,999999,21,104,35,9131.13,Pending,
2299,329,888888,233,13,1982.48,Approved,
2300,444,888888,343,45,3647.23,Approved,
2301,667,888888,128,9,9322.31,Approved,
2302,566,107,213,18,7346.91,In Progress,
2303,394,379,357,70,2269.53,In Progress,
2304,484,246,105,666666,8510.47,Pending,
2305,513,888888,14,53,7187.1,Denied,
2306,333,416,323,66,,Denied,
2307,622,221,318,666666,3810.56,Pending,
2308,339,888888,324,24,2516.78,Pending,
2309,263,888888,112,79,149.0,Pending,
2310,337,466,135,65,,Pending,
2311,753,173,120,97,-500.0,Denied,
2312,318,396,352,43,413.01,In Progress,
2313,999999,433,39,2,9985.51,Pending,
2314,456,419,35,79,-500.0,Approved,
2315,712,225,271,61,,Approved,
2316,292,888888,261,1,6580.94,Denied,
2317,715,260,162,33,8586.43,In Progress,
2318,358,416,69,61,-500.0,Pending,
2319,577,340,777777,10,174.97,Denied,
2320,744,136,182,52,8994.09,In Progress,
2321,73,417,183,44,976.23,In Progress,
2322,697,12,4,1,5377.86,Pending,Urgent payout requested
2323,658,432,55,39,3152.18,Denied,Urgent payout requested
2324,999999,164,260,23,3750.22,Denied,
2325,81,286,119,73,-500.0,Pending,
2326,740,46,253,666666,2088.11,Denied,
2327,729,74,346,76,,Pending,
2328,243,459,232,61,,Approved,
2329,175,327,777777,89,7847.24,Pending,
2330,595,225,170,27,-500.0,Denied,
2331,712,888888,35,86,6295.1,Pending,
2332,41,21,136,64,9235.34,Denied,Urgent payout requested
2333,138,233,235,76,-500.0,Pending,
2334,107,538,74,65,,Pending,
2335,450,387,777777,99,417.99,Pending,
2336,326,549,325,85,,Denied,
2337,258,148,115,666666,6953.66,Denied,
2338,608,888888,128,62,1396.7,Denied,
2339,602,402,16,49,,Denied,
2340,181,481,254,28,,Approved,
2341,370,467,80,666666,1247.1,Pending,
2342,185,394,198,87,5272.34,In Progress,
2343,490,888888,87,34,5283.12,Approved,
2344,175,888888,167,70,7409.18,Denied,
2345,404,4,336,666666,6336.71,Pending,
2346,999999,540,170,74,9380.46,Pending,
2347,999999,73,40,80,6745.32,Pending,
2348,194,33,777777,36,1352.11,Denied,
2349,216,888888,273,89,7811.55,Denied,
2350,359,15,160,37,,Denied,
2351,795,317,333,666666,2982.79,Approved,
2352,221,888888,338,55,7190.37,Denied,
2353,98,499,28,8,717.79,Approved,Urgent payout requested
2354,601,17,226,33,-500.0,Approved,
2355,136,41,345,55,,Denied,
2356,711,549,167,99,4245.94,In Progress,
2357,742,100,255,81,,Pending,
2358,450,145,777777,36,9514.38,Denied,
2359,241,19,288,97,9410.69,Denied,Urgent payout requested
2360,150,156,307,49,4294.63,Denied,Urgent payout requested
2361,232,286,162,666666,8910.03,Pending,
2362,64,92,777777,95,7173.91,Approved,
2363,569,888888,139,98,5795.69,Pending,
2364,707,399,35,45,4423.09,In Progress,
2365,114,147,34,57,7223.04,In Progress,
2366,416,95,63,62,,Denied,
2367,682,441,124,65,8595.08,Pending,Urgent payout requested
2368,144,28,777777,9,2627.21,Pending,
2369,266,474,777777,11,2265.78,Pending,
2370,568,888888,300,90,7075.84,Approved,
2371,999999,93,10,30,8446.75,Denied,
2372,394,148,329,48,-500.0,Pending,
2373,999999,342,330,32,7302.24,Pending,
2374,8,352,42,666666,9362.67,Denied,
2375,170,289,144,1,-500.0,Denied,
2376,29,66,223,5,-500.0,Pending,
2377,587,356,260,96,-500.0,Denied,
2378,542,208,77,666666,5781.88,Pending,
2379,333,198,777777,55,7758.38,Denied,
2380,18,79,777777,71,5658.18,Pending,
2381,59,233,155,666666,7547.59,Approved,
2382,662,77,174,666666,749.46,Approved,
2383,100,539,347,78,-500.0,Denied,
2384,999999,164,80,9,899.16,Pending,
2385,218,466,9,27,,Denied,
2386,241,164,777777,65,4494.5,Pending,
2387,473,888888,237,60,3738.23,Pending,
2388,659,106,777777,3,5943.94,Denied,
2389,142,888888,65,62,9687.5,Denied,
2390,763,888888,254,25,3914.08,Pending,
2391,711,888888,122,25,9414.38,Pending,
2392,750,328,777777,47,7169.54,Approved,
2393,332,298,362,80,2630.74,In Progress,
2394,522,350,133,666666,1002.22,Approved,
2395,755,208,180,666666,8821.73,Pending,
2396,112,241,98,28,,Approved,
2397,357,438,322,13,-500.0,Approved,
2398,127,250,72,666666,9425.14,Pending,
2399,999999,56,93,66,7450.4,Approved,
2400,760,380,324,93,-500.0,Approved,
2401,999999,79,265,14,5899.53,Pending,
2402,999999,51,247,65,5889.03,Approved,
2403,212,48,335,77,-500.0,Approved,
2404,646,433,83,3,277.01,In Progress,
2405,576,417,340,85,-500.0,Pending,
2406,559,123,121,666666,2118.89,Denied,
2407,184,255,777777,48,7206.52,Approved,
2408,556,538,232,666666,4911.18,Pending,
2409,513,38,209,59,,Pending,
2410,999999,287,215,37,2686.55,Approved,
2411,672,353,272,666666,7250.97,Pending,
2412,279,527,15,35,6936.57,In Progress,
2413,703,484,777777,4,5810.44,Denied,
2414,262,149,328,20,,Pending,
2415,999999,309,199,60,5454.74,Pending,
2416,412,195,777777,83,6107.32,Approved,
2417,638,402,261,46,-500.0,Pending,
2418,280,888888,127,100,8365.5,Pending,
2419,999999,284,124,42,4271.68,Pending,
2420,668,177,98,54,2256.57,Denied,Urgent payout requested
2421,60,519,777777,86,809.63,Denied,
2422,608,888888,45,53,9528.0,Denied,
2423,676,435,192,50,,Denied,
2424,538,359,63,666666,586.45,Approved,
2425,999999,99,8,33,9394.63,Approved,
2426,656,348,777777,76,213.89,Denied,
2427,361,178,301,23,,Denied,
2428,610,888888,110,37,4405.59,Pending,
2429,547,527,274,666666,6611.82,Pending,
2430,738,68,56,69,5007.86,Denied,Urgent payout requested
2431,766,324,207,666666,5280.29,Approved,
2432,668,219,307,56,,Approved,
2433,520,488,332,666666,7884.89,Approved,
2434,364,888888,240,60,2822.19,Denied,
2435,221,200,4,39,5709.62,Pending,Urgent payout requested
2436,999999,329,173,44,7915.5,Approved,
2437,212,200,149,100,-500.0,Approved,
2438,786,888888,69,93,9753.67,Denied,
2439,638,433,777777,90,1056.32,Pending,
2440,241,264,75,3,,Approved,
2441,126,340,267,666666,8461.06,Approved,
2442,213,174,777777,27,555.25,Pending,
2443,481,486,353,66,5525.35,In Progress,
2444,33,381,69,38,-500.0,Pending,
2445,93,531,201,54,8760.79,Approved,Urgent payout requested
2446,169,409,156,30,-500.0,Pending,
2447,290,449,226,92,-500.0,Approved,
2448,516,130,41,60,-500.0,Pending,
2449,794,199,57,97,5940.38,In Progress,
2450,999999,144,213,60,7016.35,Denied,
2451,611,270,120,56,-500.0,Pending,
2452,545,542,777777,52,5419.97,Approved,
2453,287,484,239,30,-500.0,Denied,
2454,319,458,230,24,2714.84,Pending,Urgent payout requested
2455,610,207,353,16,,Pending,
2456,453,76,127,17,-500.0,Denied,
2457,701,149,56,93,3382.38,In Progress,
2458,225,450,302,32,6865.78,Denied,Urgent payout requested
2459,680,21,777777,35,1119.66,Pending,
2460,999999,547,43,53,2244.09,Denied,
2461,155,250,289,666666,7545.25,Approved,
2462,249,888888,235,65,4572.41,Denied,
2463,737,514,20,37,8444.59,In Progress,
2464,70,4,777777,88,5810.5,Pending,
2465,471,418,3,666666,783.87,Pending,
2466,999999,428,200,85,6902.75,Pending,
2467,596,192,276,666666,6764.28,Approved,
2468,654,33,361,100,,Denied,
2469,732,499,349,95,9364.03,In Progress,
2470,999999,512,296,85,5164.38,Approved,
2471,533,73,56,666666,9060.77,Approved,
2472,134,288,777777,1,7458.11,Approved,
2473,697,154,362,92,3847.06,Denied,Urgent payout requested
2474,293,259,211,42,6941.86,In Progress,
2475,149,337,188,3,3120.8,Denied,Urgent payout requested
2476,755,535,339,67,,Pending,
2477,771,384,170,74,2694.49,In Progress,
2478,8,30,273,17,9947.71,In Progress,
2479,230,888888,339,29,4582.34,Approved,
2480,180,292,347,25,,Pending,
2481,126,888888,237,93,8673.54,Approved,
2482,623,161,283,666666,8678.56,Approved,
2483,622,430,777777,41,2306.57,Pending,
2484,240,477,56,41,,Approved,
2485,497,141,163,11,,Pending,
2486,338,888888,91,1,9153.74,Approved,
2487,508,37,87,30,-500.0,Pending,
2488,243,196,274,60,,Approved,
2489,398,317,316,2,6905.1,In Progress,
2490,587,237,186,72,3333.51,Approved,Urgent payout requested
2491,643,194,4,23,475.59,In Progress,
2492,674,132,137,39,-500.0,Pending,
2493,226,41,777777,81,8450.67,Approved,
2494,326,498,144,666666,1299.83,Approved,
2495,261,2,777777,97,2813.95,Approved,
2496,112,127,70,66,-500.0,Denied,
2497,230,170,296,96,,Approved,
2498,131,251,100,23,-500.0,Approved,
2499,223,140,277,92,-500.0,Pending,
2500,290,192,120,64,3237.75,In Progress,
